date,AAPL,AMZN,FB,GOOG,NFLX
2015-01-02,101.1385,308.52,78.45,524.81,49.8485
2015-01-05,98.2893,302.19,77.19,513.87,47.3114
2015-01-06,98.2985,295.29,76.15,501.96,46.5014
2015-01-07,99.6769,298.42,76.15,501.1,46.7428
2015-01-08,103.5067,300.46,78.175,502.68,47.7792
2015-01-09,103.6177,296.93,77.74,496.17,47.0414
2015-01-12,101.0645,291.41,76.72,492.55,45.5471
2015-01-13,101.9618,294.74,76.45,496.18,46.2557
2015-01-14,101.5733,293.27,76.28,500.87,46.32
2015-01-15,98.8166,286.95,74.05,501.79,46.2514
2015-01-16,98.0488,290.74,75.18,508.08,48.1914
2015-01-20,100.5742,289.44,76.24,506.9,49.8285
2015-01-21,101.342,297.25,76.74,518.04,58.4685
2015-01-22,103.9785,310.32,77.65,534.39,61.2057
2015-01-23,104.5151,312.39,77.83,539.95,62.4935
2015-01-26,104.6261,309.66,77.495,535.21,63.7942
2015-01-27,100.9628,306.75,75.78,518.63,64.8814
2015-01-28,106.6705,303.91,76.24,510.0,63.2085
2015-01-29,109.9915,311.78,78.0,510.66,63.3999
2015-01-30,108.3819,354.53,75.91,534.52,63.1142
2015-02-02,109.7417,364.47,74.99,528.48,63.0092
2015-02-03,109.7602,363.55,75.4,529.24,65.2742
2015-02-04,110.6021,364.75,75.63,522.76,64.1014
2015-02-05,111.3915,373.89,75.615,527.58,64.1299
2015-02-06,110.4534,374.28,74.47,531.0,63.4799
2015-02-09,111.1871,370.56,74.44,527.83,63.2949
2015-02-10,113.3232,372.995,75.19,536.94,64.8499
2015-02-11,115.9794,375.14,76.51,535.97,64.9842
2015-02-12,117.4468,377.17,76.23,542.93,65.2471
2015-02-13,118.0226,381.83,75.74,549.01,66.5856
2015-02-17,118.7191,375.43,75.6,542.84,67.1371
2015-02-18,119.541,373.37,76.71,539.7,67.8656
2015-02-19,119.2949,378.995,79.42,542.87,67.7999
2015-02-20,120.2654,383.66,79.895,538.95,68.3142
2015-02-23,123.5206,380.14,78.84,531.91,67.4056
2015-02-24,122.7498,378.59,78.45,536.09,67.8399
2015-02-25,119.6107,385.37,79.56,543.87,68.3328
2015-02-26,121.1199,384.8,80.41,555.48,69.0042
2015-02-27,119.3042,380.16,78.97,558.4,67.8442
2015-03-02,119.8893,385.655,79.75,571.34,68.6071
2015-03-03,120.1401,384.61,79.6,573.64,67.8156
2015-03-04,119.3785,382.72,80.895,573.37,67.1099
2015-03-05,117.4003,387.83,81.21,575.33,66.8071
2015-03-06,117.5768,380.09,80.005,567.685,64.8742
2015-03-09,118.0783,378.56,79.44,568.85,63.6614
2015-03-10,115.6357,369.51,77.55,555.01,62.1514
2015-03-11,113.5275,366.37,77.57,551.18,62.8842
2015-03-12,115.58,374.24,78.93,555.51,64.0456
2015-03-13,114.7813,370.58,78.05,547.32,62.6285
2015-03-16,116.0444,373.35,78.07,554.51,60.2814
2015-03-17,117.9854,371.92,79.365,550.84,59.7885
2015-03-18,119.3135,375.135,80.91,559.5,60.4457
2015-03-19,118.408,373.24,82.75,557.99,60.7442
2015-03-20,116.9267,378.49,83.8,560.36,61.1849
2015-03-23,118.1433,375.11,84.43,558.81,60.7142
2015-03-24,117.6604,374.09,85.31,570.19,62.6114
2015-03-25,114.5863,370.96,82.92,558.785,60.2499
2015-03-26,115.385,367.35,83.01,555.17,59.7514
2015-03-27,114.4655,370.56,83.3,548.34,59.2528
2015-03-30,117.3632,374.59,83.195,552.03,60.3671
2015-03-31,115.5614,372.1,82.215,548.0,59.5271
2015-04-01,115.3943,370.255,81.665,542.56,59.0171
2015-04-02,116.388,372.25,81.555,535.53,59.1542
2015-04-06,118.2733,377.04,82.44,536.765,60.3299
2015-04-07,117.0288,374.41,82.32,537.02,60.4942
2015-04-08,116.6481,381.2,82.275,541.61,63.0499
2015-04-09,117.5396,383.54,82.17,540.78,62.7857
2015-04-10,118.0411,382.65,82.04,540.01,64.9385
2015-04-13,117.809,382.36,83.01,539.17,67.8114
2015-04-14,117.2982,385.11,83.515,530.39,68.3871
2015-04-15,117.744,383.45,82.705,532.53,67.9228
2015-04-16,117.1774,386.04,82.31,533.8,80.2928
2015-04-17,115.8586,375.56,80.775,524.05,81.6499
2015-04-20,118.5055,389.51,83.09,535.38,81.0556
2015-04-21,117.8647,391.18,83.62,533.97,80.0628
2015-04-22,119.4528,389.8,84.63,539.365,79.6685
2015-04-23,120.428,389.99,82.41,547.0,79.8656
2015-04-24,120.9945,445.1,81.53,565.06,79.7706
2015-04-27,123.1956,438.56,81.91,555.37,80.8685
2015-04-28,121.2545,429.31,80.68,553.68,80.4371
2015-04-29,119.4714,429.37,80.465,549.08,80.4071
2015-04-30,116.2301,421.78,78.77,537.34,79.4999
2015-05-01,119.7593,422.87,78.99,537.9,79.5756
2015-05-04,119.5271,423.04,78.81,540.78,79.2713
2015-05-05,116.8338,421.19,77.56,530.8,80.7928
2015-05-06,116.1001,419.1,78.1,524.22,80.0771
2015-05-07,116.8183,426.88,78.425,530.7,80.7485
2015-05-08,119.0192,433.69,78.51,538.22,82.0856
2015-05-11,117.8068,432.85,78.01,535.7,84.2778
2015-05-12,117.3825,431.02,77.46,529.04,83.3771
2015-05-13,117.5177,426.87,78.44,529.62,82.8728
2015-05-14,120.2596,432.28,81.37,538.4,83.8356
2015-05-15,120.0917,426.0,80.42,533.85,87.6071
2015-05-18,121.416,425.24,80.88,532.3,88.2671
2015-05-19,121.3041,421.71,80.63,537.36,88.0685
2015-05-20,121.2948,423.86,80.55,539.27,88.7899
2015-05-21,122.5351,431.63,80.48,542.51,89.0028
2015-05-22,123.6076,427.63,80.54,540.11,88.8385
2015-05-26,120.8844,425.47,79.335,532.32,87.9928
2015-05-27,123.146,431.42,80.55,539.79,89.8571
2015-05-28,122.8988,426.57,80.145,539.78,89.5071
2015-05-29,121.4999,429.23,79.19,532.11,89.1513
2015-06-01,121.7378,430.92,80.29,533.99,89.0028
2015-06-02,121.2015,430.99,80.445,539.18,89.1299
2015-06-03,121.3507,436.59,82.44,540.31,88.8085
2015-06-04,120.6419,430.78,82.05,536.7,89.3485
2015-06-05,119.9798,426.95,82.14,533.33,90.4599
2015-06-08,119.1871,423.5,80.67,526.83,89.6042
2015-06-09,118.8327,425.48,80.67,526.69,92.4499
2015-06-10,120.1943,430.77,82.16,536.69,95.8713
2015-06-11,119.9238,432.97,81.83,534.61,95.0942
2015-06-12,118.5995,429.92,81.53,532.33,94.4185
2015-06-15,118.3664,423.67,80.71,527.2,93.4313
2015-06-16,119.0006,427.26,81.06,528.15,95.2728
2015-06-17,118.7208,427.81,81.79,529.26,94.2713
2015-06-18,119.2617,439.39,82.905,536.73,94.7428
2015-06-19,118.0679,434.92,82.51,536.69,93.8713
2015-06-22,119.0099,436.29,84.74,538.19,96.4142
2015-06-23,118.469,445.99,87.88,540.48,97.3128
2015-06-24,119.4762,440.84,88.86,537.84,96.9442
2015-06-25,118.9073,440.1,87.98,535.23,94.8913
2015-06-26,118.2078,438.1,88.01,531.69,93.0885
2015-06-29,116.1375,429.86,85.8,521.52,92.2313
2015-06-30,116.9721,434.09,85.765,520.51,93.8485
2015-07-01,118.0679,437.39,86.91,521.84,93.6356
2015-07-02,117.9187,437.71,87.285,523.4,94.0442
2015-07-06,117.5084,436.04,87.55,522.86,94.5713
2015-07-07,117.2193,436.72,87.22,525.02,94.0913
2015-07-08,114.3095,429.7,85.65,516.83,93.507
2015-07-09,111.978,434.39,85.88,520.68,95.727
2015-07-10,114.9717,443.51,87.95,530.13,97.2285
2015-07-13,117.1913,455.57,90.1,546.55,101.087
2015-07-14,117.1447,465.57,89.68,561.1,100.3713
2015-07-15,118.2731,461.19,89.76,560.22,98.13
2015-07-16,119.8492,475.48,90.85,579.85,115.81
2015-07-17,120.8844,483.01,94.97,672.93,114.77
2015-07-20,123.1693,488.1,97.91,663.02,110.55
2015-07-21,121.9383,488.0,98.39,662.3,112.51
2015-07-22,116.7809,488.27,97.04,662.1,111.5
2015-07-23,116.725,482.18,95.44,644.28,110.1
2015-07-24,116.1095,529.42,96.95,623.56,109.34
2015-07-27,114.4961,531.41,94.17,627.26,106.43
2015-07-28,115.065,526.03,95.29,628.0,106.9
2015-07-29,114.7012,529.0,96.99,631.93,107.08
2015-07-30,114.123,536.76,95.21,632.59,111.56
2015-07-31,113.1251,536.15,94.01,625.61,114.31
2015-08-03,110.4579,535.03,94.14,631.21,112.56
2015-08-04,106.914,531.9,94.06,629.25,121.15
2015-08-05,107.6228,537.01,96.44,643.78,123.71
2015-08-06,107.857,529.46,95.12,642.68,126.45
2015-08-07,108.2223,522.62,94.3,635.3,123.52
2015-08-10,112.157,524.0,94.15,633.73,123.03
2015-08-11,106.3206,527.46,93.62,660.78,122.74
2015-08-12,107.96,525.91,94.19,659.56,120.51
2015-08-13,107.8757,529.66,93.43,656.45,123.73
2015-08-14,108.6345,531.52,94.42,657.12,123.39
2015-08-17,109.7587,535.22,93.93,660.87,125.36
2015-08-18,109.1404,535.02,95.17,656.13,124.05
2015-08-19,107.7445,532.92,95.31,660.9,122.06
2015-08-20,105.5336,515.78,90.56,646.83,112.49
2015-08-21,99.0789,494.47,86.06,612.48,103.96
2015-08-24,96.6057,463.37,82.09,589.61,96.88
2015-08-25,97.1865,466.37,83.0,582.06,101.52
2015-08-26,102.7606,500.77,87.19,628.62,110.13
2015-08-27,105.7866,518.37,89.73,637.61,117.66
2015-08-28,106.1332,518.01,91.01,630.38,117.63
2015-08-31,105.6367,512.89,89.43,618.25,115.03
2015-09-01,100.9151,496.54,87.23,597.79,105.79
2015-09-02,105.2432,510.55,89.89,614.34,105.44
2015-09-03,103.3977,504.72,88.15,606.25,101.06
2015-09-04,102.3671,499.0,88.26,600.7,98.79
2015-09-08,105.2151,517.54,89.53,614.66,94.95
2015-09-09,103.1916,516.89,90.44,612.72,99.18
2015-09-10,105.4587,522.24,91.98,621.35,99.48
2015-09-11,106.9951,529.44,92.05,625.77,97.51
2015-09-14,108.0256,521.38,92.31,623.24,95.69
2015-09-15,108.9343,522.37,92.9,635.14,99.16
2015-09-16,109.0561,527.39,93.45,635.98,104.08
2015-09-17,106.7234,538.87,94.34,642.9,104.21
2015-09-18,106.2831,540.26,94.4,629.25,102.62
2015-09-21,107.9319,548.39,95.55,635.44,100.3
2015-09-22,106.2362,538.4,92.96,622.69,98.47
2015-09-23,107.0981,536.07,93.97,622.36,98.07
2015-09-24,107.7352,533.75,94.41,625.8,103.76
2015-09-25,107.4635,524.25,92.77,611.97,102.24
2015-09-28,105.3369,504.06,89.21,594.89,99.47
2015-09-29,102.1704,496.07,86.67,594.97,98.35
2015-09-30,103.3321,511.89,89.9,608.42,103.26
2015-10-01,102.6576,520.72,90.95,611.29,105.98
2015-10-02,103.407,532.54,92.07,626.91,106.11
2015-10-05,103.7818,543.68,94.01,641.47,111.25
2015-10-06,104.2783,537.48,92.8,645.44,108.33
2015-10-07,103.7818,541.94,92.4,642.36,108.1
2015-10-08,102.5826,533.16,92.47,639.16,114.93
2015-10-09,105.0371,539.8,93.24,643.61,113.33
2015-10-12,104.55,550.19,94.26,646.67,113.45
2015-10-13,104.728,548.9,94.12,652.3,109.73
2015-10-14,103.2478,544.83,94.07,651.16,110.23
2015-10-15,104.7935,562.44,95.96,661.74,101.09
2015-10-16,104.0253,570.76,97.54,662.2,98.99
2015-10-19,104.6717,573.15,98.47,666.1,101.69
2015-10-20,106.5829,560.88,97.0,650.28,98.99
2015-10-21,106.5735,555.77,97.11,642.61,97.96
2015-10-22,108.2036,563.91,99.67,651.79,97.32
2015-10-23,111.5574,599.03,102.19,702.0,100.04
2015-10-26,107.9975,608.61,103.77,712.78,103.04
2015-10-27,107.3136,611.01,103.7,708.49,103.07
2015-10-28,111.7354,617.1,104.2,712.95,105.8
2015-10-29,112.9158,626.55,104.88,716.92,105.12
2015-10-30,111.9509,625.9,101.97,710.81,108.38
2015-11-02,113.5248,628.35,103.31,721.11,107.64
2015-11-03,114.827,625.31,102.58,722.16,109.74
2015-11-04,114.293,640.95,103.94,728.11,114.05
2015-11-05,113.7661,655.65,108.76,731.25,113.5
2015-11-06,113.8978,659.37,107.095,733.76,114.06
2015-11-09,113.4368,655.49,106.49,724.89,109.86
2015-11-10,109.8616,659.68,107.91,728.32,112.7
2015-11-11,109.2406,673.25,109.01,735.4,112.86
2015-11-12,108.8737,665.6,108.02,731.23,108.92
2015-11-13,105.6937,642.35,103.95,717.0,103.65
2015-11-16,107.4201,647.81,104.04,728.96,111.35
2015-11-17,106.9638,643.3,105.13,725.3,117.1
2015-11-18,110.3508,663.54,107.77,740.0,120.63
2015-11-19,111.7527,661.27,106.26,738.41,120.22
2015-11-20,112.2419,668.45,107.32,756.6,123.84
2015-11-23,110.7836,678.99,106.95,755.98,125.03
2015-11-24,111.8468,671.15,105.74,748.28,123.31
2015-11-25,111.047,675.34,105.41,748.15,124.16
2015-11-27,110.8401,673.26,105.45,750.26,125.44
2015-11-30,111.3011,664.8,104.24,742.6,123.33
2015-12-01,110.3979,679.06,107.12,767.04,125.37
2015-12-02,109.4006,676.01,106.07,762.38,128.93
2015-12-03,108.3845,666.25,104.38,752.54,126.81
2015-12-04,111.9879,672.64,106.18,766.81,130.93
2015-12-07,111.2822,669.83,105.61,763.25,125.36
2015-12-08,111.2352,677.33,106.49,762.37,126.98
2015-12-09,108.7796,664.79,104.6,751.61,124.2
2015-12-10,109.2971,662.32,105.42,749.46,122.91
2015-12-11,106.484,640.15,102.12,738.87,118.91
2015-12-14,105.8254,657.91,104.66,747.77,120.67
2015-12-15,103.9531,658.64,104.55,743.4,118.6
2015-12-16,104.7528,675.77,106.79,758.09,122.64
2015-12-17,102.5325,670.65,106.22,749.43,122.51
2015-12-18,99.757,664.14,104.04,739.31,118.02
2015-12-21,100.9801,664.51,104.77,747.77,116.63
2015-12-22,100.886,663.15,105.51,750.0,116.24
2015-12-23,102.1844,663.7,104.63,750.31,118.16
2015-12-24,101.6387,662.79,105.02,748.4,117.33
2015-12-28,100.5002,675.2,105.93,762.51,117.11
2015-12-29,102.3067,693.97,107.26,776.6,119.12
2015-12-30,100.9707,689.07,106.22,771.0,116.71
2015-12-31,99.0325,675.89,104.66,758.88,114.38
2016-01-04,99.1172,636.99,102.22,741.84,109.96
2016-01-05,96.6334,633.79,102.73,742.58,107.66
2016-01-06,94.7423,632.65,102.97,743.62,117.68
2016-01-07,90.7438,607.94,97.92,726.39,114.56
2016-01-08,91.2236,607.05,97.33,714.47,111.39
2016-01-11,92.7007,617.74,97.51,716.03,114.97
2016-01-12,94.0461,617.89,99.37,726.07,116.58
2016-01-13,91.6282,581.81,95.44,700.56,106.56
2016-01-14,93.6321,593.0,98.37,714.72,107.06
2016-01-15,91.3835,570.18,94.97,694.45,104.04
2016-01-19,90.9413,574.48,95.26,701.79,107.89
2016-01-20,91.0637,571.77,94.35,698.45,107.74
2016-01-21,90.6026,575.02,94.16,706.59,102.35
2016-01-22,95.4197,596.38,97.94,725.25,100.72
2016-01-25,93.5569,596.53,97.01,711.67,99.12
2016-01-26,94.0743,601.25,97.34,713.04,97.83
2016-01-27,87.893,583.35,94.45,699.99,91.15
2016-01-28,88.5234,635.35,109.11,730.96,94.41
2016-01-29,91.5811,587.0,112.21,742.95,91.84
2016-02-01,90.725,574.81,115.09,752.0,94.09
2016-02-02,88.8903,552.1,114.61,764.65,91.49
2016-02-03,90.6497,531.07,112.69,726.95,90.74
2016-02-04,91.3781,536.26,110.49,708.01,89.71
2016-02-05,88.9375,502.13,104.07,683.57,82.79
2016-02-08,89.874,488.1,99.75,682.74,83.32
2016-02-09,89.8551,482.07,99.54,678.11,86.13
2016-02-10,89.174,490.48,101.0,684.12,88.45
2016-02-11,88.6348,503.82,101.91,683.11,86.35
2016-02-12,88.9092,507.08,102.01,682.4,87.4
2016-02-16,91.4159,521.1,101.61,691.0,89.05
2016-02-17,92.8159,534.1,105.2,708.4,94.76
2016-02-18,91.0564,525.0,103.47,697.35,90.49
2016-02-19,90.8483,534.9,104.57,700.91,89.23
2016-02-22,91.6429,559.5,107.16,706.46,91.93
2016-02-23,89.5713,552.94,105.46,695.85,89.12
2016-02-24,90.9051,554.04,106.88,699.56,91.61
2016-02-25,91.5294,555.15,108.07,705.75,94.53
2016-02-26,91.6713,555.23,107.92,705.07,94.79
2016-02-29,91.4632,552.52,106.92,697.77,93.41
2016-03-01,95.0956,579.04,109.82,718.81,98.3
2016-03-02,95.3037,580.21,109.95,718.85,97.61
2016-03-03,96.0132,577.49,109.58,712.42,97.93
2016-03-04,97.4416,575.14,108.39,710.89,101.58
2016-03-07,96.3632,562.8,105.73,695.16,95.49
2016-03-08,95.5686,560.26,105.93,693.97,96.23
2016-03-09,95.6537,559.47,107.51,705.24,98.0
2016-03-10,95.701,558.93,107.32,712.82,97.36
2016-03-11,96.7321,569.61,109.41,726.82,97.66
2016-03-14,96.978,573.37,109.89,730.49,98.13
2016-03-15,98.9267,577.02,110.67,728.33,97.86
2016-03-16,100.2415,574.27,112.18,736.09,99.35
2016-03-17,100.0807,559.44,111.02,737.78,99.72
2016-03-18,100.1942,552.08,111.45,737.6,101.12
2016-03-21,100.1848,553.98,111.85,742.09,101.06
2016-03-22,100.951,560.48,112.25,740.75,99.84
2016-03-23,100.3929,569.63,112.54,738.06,99.59
2016-03-24,99.9578,582.95,113.05,735.3,98.36
2016-03-28,99.5037,579.87,113.69,733.53,101.21
2016-03-29,101.8591,593.86,116.14,744.77,104.13
2016-03-30,103.6375,598.69,114.7,750.53,102.19
2016-03-31,103.0983,593.64,114.1,744.95,102.23
2016-04-01,104.0442,598.5,116.06,749.91,105.7
2016-04-04,105.1131,593.19,112.55,745.29,104.35
2016-04-05,103.874,586.14,112.22,737.8,104.94
2016-04-06,104.9618,602.08,113.71,745.69,104.83
2016-04-07,102.6726,591.43,113.64,740.28,104.45
2016-04-08,102.7861,594.6,110.63,739.15,103.81
2016-04-11,103.1267,595.93,108.99,736.1,102.68
2016-04-12,104.4699,603.17,110.61,743.09,106.98
2016-04-13,105.9834,614.82,110.51,751.72,109.65
2016-04-14,106.0402,620.75,110.84,753.2,110.42
2016-04-15,103.9118,625.89,109.64,759.0,111.51
2016-04-18,101.6699,635.35,110.45,766.61,108.4
2016-04-19,101.1307,627.9,112.29,753.93,94.34
2016-04-20,101.3388,632.99,112.42,752.67,96.77
2016-04-21,100.2415,631.0,113.44,759.14,94.98
2016-04-22,99.9672,620.5,110.56,718.77,95.9
2016-04-25,99.3997,626.2,110.1,723.15,93.56
2016-04-26,98.7091,616.88,108.76,708.14,92.43
2016-04-27,92.5321,606.57,108.89,705.84,91.04
2016-04-28,89.7037,602.0,116.73,691.02,90.28
2016-04-29,88.6727,659.59,117.58,693.01,90.03
2016-05-02,88.5781,683.85,118.57,698.21,93.11
2016-05-03,90.0348,671.32,117.43,692.36,91.54
2016-05-04,89.0983,670.9,118.06,695.7,90.79
2016-05-05,88.7367,659.09,117.81,701.43,89.37
2016-05-06,88.2418,673.95,119.49,711.12,90.84
2016-05-09,88.3085,679.75,119.24,712.9,90.54
2016-05-10,88.908,703.07,120.5,723.18,92.89
2016-05-11,88.042,713.23,119.52,715.29,90.02
2016-05-12,85.9768,717.93,120.28,713.31,87.74
2016-05-13,86.1481,709.92,119.81,710.83,87.88
2016-05-16,89.3458,710.66,118.67,716.49,89.12
2016-05-17,88.9747,695.27,117.35,706.23,88.63
2016-05-18,89.993,697.45,117.65,706.63,90.5
2016-05-19,89.6504,698.52,116.81,700.32,89.55
2016-05-20,90.6211,702.8,117.35,709.74,92.49
2016-05-23,91.7727,696.75,115.97,704.24,94.89
2016-05-24,93.1717,704.2,117.7,720.09,97.89
2016-05-25,94.8086,708.35,117.89,725.27,100.2
2016-05-26,95.5604,714.91,119.47,724.12,102.81
2016-05-27,95.5033,712.24,119.38,732.66,103.3
2016-05-31,95.037,722.79,118.81,735.72,102.57
2016-06-01,93.7046,719.44,118.78,734.15,101.51
2016-06-02,93.0004,728.24,118.93,730.4,101.25
2016-06-03,93.1907,725.54,118.47,722.34,99.59
2016-06-06,93.8664,726.73,118.79,716.55,100.74
2016-06-07,94.2471,723.74,117.76,716.65,99.89
2016-06-08,94.1614,726.64,118.39,728.28,97.86
2016-06-09,94.8371,727.65,118.56,728.58,97.09
2016-06-10,94.0567,717.91,116.62,719.41,93.75
2016-06-13,92.6387,715.24,113.95,718.36,93.85
2016-06-14,92.7529,719.3,114.94,718.27,94.12
2016-06-15,92.4484,714.26,114.6,718.92,94.29
2016-06-16,92.8386,717.51,114.39,710.36,95.44
2016-06-17,90.7258,706.39,113.02,691.72,94.45
2016-06-20,90.5069,714.01,113.37,693.71,93.8
2016-06-21,91.2778,715.82,114.38,695.94,90.99
2016-06-22,90.9352,710.6,113.91,697.46,90.01
2016-06-23,91.4586,722.08,115.08,701.87,91.66
2016-06-24,88.889,698.96,112.08,675.22,88.44
2016-06-27,87.5947,691.36,108.97,668.26,85.33
2016-06-28,89.0698,707.95,112.7,680.04,87.97
2016-06-29,89.8407,715.6,114.16,684.11,91.06
2016-06-30,90.9827,715.62,114.28,692.1,91.48
2016-07-01,91.2587,725.68,114.19,699.21,96.67
2016-07-05,90.4022,728.1,114.0,694.49,97.91
2016-07-06,90.9161,737.61,116.7,697.77,94.6
2016-07-07,91.3063,736.57,115.85,695.36,95.1
2016-07-08,92.0106,745.81,117.24,705.63,97.06
2016-07-11,92.2961,753.78,117.87,715.09,94.67
2016-07-12,92.7148,748.21,117.93,720.64,95.97
2016-07-13,92.1914,742.63,116.78,716.98,96.43
2016-07-14,94.0187,741.2,117.29,720.95,98.02
2016-07-15,94.0092,735.44,116.86,719.85,98.39
2016-07-18,95.0084,736.07,119.37,733.78,98.81
2016-07-19,95.0465,739.95,120.61,736.96,85.84
2016-07-20,95.1322,745.72,121.92,741.19,87.91
2016-07-21,94.6278,744.43,120.61,738.63,85.99
2016-07-22,93.895,744.86,121.0,742.74,85.89
2016-07-25,92.6387,739.61,121.63,739.77,87.66
2016-07-26,92.0011,735.59,121.22,738.42,91.41
2016-07-27,97.9778,736.67,123.34,741.77,92.04
2016-07-28,99.3006,752.61,125.0,745.91,91.65
2016-07-29,99.1769,758.81,123.94,768.79,91.25
2016-08-01,100.928,767.74,124.31,772.88,94.37
2016-08-02,99.4339,760.58,123.09,771.07,93.56
2016-08-03,100.6806,754.64,122.51,773.18,93.1
2016-08-04,101.3025,760.77,124.36,771.61,93.44
2016-08-05,102.8431,765.98,125.15,782.22,97.03
2016-08-08,103.6947,766.56,125.26,781.76,95.11
2016-08-09,104.1157,768.31,125.06,784.26,93.99
2016-08-10,103.3407,768.56,124.88,784.68,93.93
2016-08-11,103.2737,771.24,124.9,784.85,95.89
2016-08-12,103.5129,772.56,124.88,783.22,96.59
2016-08-15,104.7568,768.49,123.9,782.44,95.31
2016-08-16,104.6611,764.04,123.3,777.14,95.12
2016-08-17,104.508,764.63,124.37,779.91,96.37
2016-08-18,104.3741,764.46,123.91,777.5,96.16
2016-08-19,104.642,757.31,123.56,775.42,95.87
2016-08-22,103.8287,759.48,124.15,772.15,95.26
2016-08-23,104.154,762.45,124.37,772.08,95.94
2016-08-24,103.3694,757.25,123.48,769.64,95.18
2016-08-25,102.9292,759.22,123.89,769.41,97.32
2016-08-26,102.3264,769.0,124.96,769.54,97.58
2016-08-29,102.2116,771.29,126.54,772.15,97.3
2016-08-30,101.4269,767.58,125.84,769.09,97.45
2016-08-31,101.5226,769.16,126.12,767.05,97.45
2016-09-01,102.1254,770.62,126.17,768.78,97.38
2016-09-02,103.0823,772.44,126.51,771.46,97.38
2016-09-06,103.0536,788.87,129.73,780.08,100.09
2016-09-07,103.6851,784.48,131.05,780.35,99.15
2016-09-08,100.9676,784.06,130.27,775.32,99.66
2016-09-09,98.6808,760.14,127.1,759.66,96.5
2016-09-12,100.8911,771.49,128.69,769.02,99.05
2016-09-13,103.2928,761.01,127.21,759.69,96.09
2016-09-14,106.948,761.09,127.77,762.49,97.01
2016-09-15,110.5841,769.69,128.35,771.76,97.34
2016-09-16,109.9621,778.52,129.07,768.88,99.48
2016-09-19,108.6799,775.1,128.65,765.7,98.06
2016-09-20,108.6704,780.22,128.64,771.41,98.25
2016-09-21,108.6512,789.74,129.94,776.22,94.88
2016-09-22,109.6751,804.7,130.08,787.21,95.83
2016-09-23,107.8475,805.75,127.96,786.9,95.94
2016-09-26,108.0101,799.16,127.31,774.21,94.56
2016-09-27,108.2111,816.11,128.69,783.01,97.07
2016-09-28,109.034,828.72,129.23,781.56,97.48
2016-09-29,107.3403,829.05,128.09,775.01,96.67
2016-09-30,108.1728,837.31,128.27,777.29,98.55
2016-10-03,107.6656,836.74,128.77,772.56,102.63
2016-10-04,108.1249,834.03,128.19,776.43,102.34
2016-10-05,108.1728,844.36,128.47,776.47,106.28
2016-10-06,108.9765,841.66,128.74,776.86,105.07
2016-10-07,109.1392,839.43,128.99,775.08,104.82
2016-10-10,111.0434,841.71,130.24,785.94,103.33
2016-10-11,111.2826,831.0,128.88,783.07,100.59
2016-10-12,112.2777,834.09,129.05,786.14,99.5
2016-10-13,111.9332,829.28,127.82,778.19,100.23
2016-10-14,112.5552,822.96,127.88,778.53,101.47
2016-10-17,112.4786,812.95,127.54,779.96,99.8
2016-10-18,112.4021,817.65,128.57,795.26,118.79
2016-10-19,112.0672,817.69,130.11,801.56,121.87
2016-10-20,112.0098,810.32,130.0,796.97,123.35
2016-10-21,111.5696,818.99,132.07,799.37,127.5
2016-10-24,112.5743,838.09,133.28,813.11,127.33
2016-10-25,113.1484,835.18,132.29,807.67,126.51
2016-10-26,110.6032,822.59,131.04,799.07,126.97
2016-10-27,109.5411,818.36,129.69,795.35,126.47
2016-10-28,108.8139,776.32,131.29,795.37,126.57
2016-10-31,108.6416,789.82,130.99,784.54,124.87
2016-11-01,106.6801,785.41,129.5,783.61,123.3
2016-11-02,106.7758,765.56,127.17,768.7,122.34
2016-11-03,105.6313,767.03,120.0,762.13,122.14
2016-11-04,104.6791,755.05,120.75,762.02,122.03
2016-11-07,106.1891,784.93,122.15,782.52,124.58
2016-11-08,106.8142,787.75,124.22,790.51,124.34
2016-11-09,106.6411,771.88,123.18,785.31,122.19
2016-11-10,103.6693,742.38,120.8,762.56,115.42
2016-11-11,104.2848,739.01,119.02,754.02,114.78
2016-11-14,101.6688,719.07,115.08,736.08,113.38
2016-11-15,103.0153,743.24,117.2,758.49,113.59
2016-11-16,105.7852,746.49,116.34,764.48,115.19
2016-11-17,105.7467,756.4,117.79,771.23,115.03
2016-11-18,105.8525,760.16,117.02,760.54,115.21
2016-11-21,107.4586,780.0,121.77,769.2,117.96
2016-11-22,107.526,785.33,121.47,768.27,118.04
2016-11-23,106.9777,780.12,120.84,760.99,117.69
2016-11-25,107.5163,780.37,120.38,761.68,117.41
2016-11-28,107.3047,766.77,120.41,768.24,116.93
2016-11-29,107.199,762.52,120.87,770.84,117.51
2016-11-30,106.2949,750.57,118.42,758.04,117.0
2016-12-01,105.3043,743.65,115.1,747.92,117.22
2016-12-02,105.6986,740.34,115.4,750.5,120.81
2016-12-05,104.9388,759.36,117.43,762.52,119.16
2016-12-06,105.7467,764.72,117.31,759.11,124.57
2016-12-07,106.7854,770.42,117.95,771.19,125.39
2016-12-08,107.8337,767.33,118.91,776.42,123.24
2016-12-09,109.5938,768.66,119.68,789.29,122.88
2016-12-12,108.9686,760.12,117.77,789.27,122.83
2016-12-13,110.7864,774.34,120.31,796.1,123.78
2016-12-14,110.7864,768.82,120.21,797.07,123.44
2016-12-15,111.3923,761.0,120.57,797.85,125.0
2016-12-16,111.5365,757.77,119.87,790.8,124.22
2016-12-19,112.1809,766.0,119.24,794.2,125.45
2016-12-20,112.4791,771.22,119.09,796.42,125.12
2016-12-21,112.5849,770.6,119.04,794.56,126.5
2016-12-22,111.8443,766.34,117.4,791.26,125.58
2016-12-23,112.0655,760.59,117.27,789.91,125.59
2016-12-27,112.7772,771.4,118.01,791.55,128.35
2016-12-28,112.2963,772.13,116.92,785.05,125.89
2016-12-29,112.2675,765.15,116.35,782.79,125.33
2016-12-30,111.3923,749.87,115.05,771.82,123.8
2017-01-03,111.7097,753.67,116.86,786.14,127.49
2017-01-04,111.5846,757.18,118.69,786.9,129.41
2017-01-05,112.1521,780.45,120.67,794.02,131.81
2017-01-06,113.4024,795.99,123.41,806.15,131.07
2017-01-09,114.4411,796.92,124.9,806.65,130.95
2017-01-10,114.5565,795.9,124.35,804.79,129.89
2017-01-11,115.172,799.02,126.09,807.91,130.5
2017-01-12,114.6911,813.64,126.62,806.36,129.18
2017-01-13,114.4892,817.14,128.34,807.88,133.7
2017-01-17,115.4125,809.72,127.87,804.61,132.89
2017-01-18,115.4029,807.48,127.92,806.07,133.26
2017-01-19,115.2009,809.04,127.55,802.175,138.41
2017-01-20,115.4125,808.33,127.04,805.02,138.6
2017-01-23,115.4894,817.88,128.93,819.31,137.39
2017-01-24,115.3836,822.44,129.37,823.87,140.11
2017-01-25,117.2206,836.52,131.48,835.67,139.52
2017-01-26,117.2783,839.15,132.78,832.15,138.96
2017-01-27,117.2879,835.77,132.18,823.31,142.45
2017-01-30,116.9802,830.38,130.98,802.32,141.22
2017-01-31,116.7109,823.48,130.32,796.79,140.71
2017-02-01,123.828,832.35,133.23,795.695,140.78
2017-02-02,123.6164,839.95,130.84,798.53,139.2
2017-02-03,124.1454,810.2,130.98,801.49,140.25
2017-02-06,125.3091,807.64,132.06,801.34,140.97
2017-02-07,126.5017,812.5,131.84,806.97,144.0
2017-02-08,126.9922,819.71,134.2,808.38,144.74
2017-02-09,127.9099,821.36,134.14,809.56,144.14
2017-02-10,127.6201,827.46,134.19,813.67,144.82
2017-02-13,128.7502,836.53,134.05,819.24,143.2
2017-02-14,130.4213,836.39,133.85,820.45,140.82
2017-02-15,130.8946,842.7,133.44,818.98,142.27
2017-02-16,130.7352,844.14,133.84,824.16,142.01
2017-02-17,131.0975,845.07,133.53,828.07,142.22
2017-02-21,132.0441,856.44,133.72,831.66,142.6
2017-02-22,132.4401,855.61,136.12,830.76,143.86
2017-02-23,131.8799,852.19,135.36,831.33,142.78
2017-02-24,132.0054,845.24,135.44,828.64,143.25
2017-02-27,132.2662,848.64,136.41,829.28,143.41
2017-02-28,132.3242,845.04,135.54,823.21,142.13
2017-03-01,135.0288,853.08,137.42,835.24,142.65
2017-03-02,134.2271,848.91,136.76,830.63,139.53
2017-03-03,135.0192,849.88,137.17,829.08,139.14
2017-03-06,134.5942,846.61,137.42,827.78,141.94
2017-03-07,134.768,846.02,137.3,831.91,141.43
2017-03-08,134.2657,850.5,137.72,835.37,140.32
2017-03-09,133.9566,853.0,138.24,838.68,140.53
2017-03-10,134.401,852.46,138.79,843.25,140.89
2017-03-13,134.4589,854.59,139.6,845.54,143.52
2017-03-14,134.2561,852.53,139.32,845.62,143.19
2017-03-15,135.676,852.97,139.72,847.2,145.25
2017-03-16,135.8982,853.42,139.99,848.78,144.39
2017-03-17,135.222,852.31,139.84,852.12,145.11
2017-03-20,136.642,856.97,139.94,848.4,145.83
2017-03-21,135.0771,843.2,138.51,830.46,142.42
2017-03-22,136.6033,848.06,139.59,829.59,142.65
2017-03-23,136.1203,847.38,139.53,817.58,141.84
2017-03-24,135.8499,845.61,140.34,814.43,142.02
2017-03-27,136.0817,846.82,140.32,819.51,144.06
2017-03-28,138.9023,856.0,141.76,820.92,145.17
2017-03-29,139.2114,874.32,142.65,831.41,146.47
2017-03-30,139.0278,876.34,142.41,831.5,148.06
2017-03-31,138.767,886.54,142.05,829.56,147.81
2017-04-03,138.8057,891.51,142.28,838.55,146.92
2017-04-04,139.8392,906.83,141.73,834.57,145.5
2017-04-05,139.1148,909.28,141.85,831.41,143.62
2017-04-06,138.767,898.28,141.17,827.88,143.74
2017-04-07,138.4579,894.88,140.78,824.67,143.11
2017-04-10,138.2937,907.04,141.04,824.73,143.85
2017-04-11,136.8062,902.36,139.92,823.35,144.35
2017-04-12,136.9704,896.23,139.58,824.32,143.83
2017-04-13,136.2459,884.67,139.39,823.56,142.92
2017-04-17,136.9994,901.99,141.42,837.17,147.25
2017-04-18,136.3908,903.78,140.96,836.82,143.36
2017-04-19,135.8885,899.2,142.27,838.21,139.76
2017-04-20,137.5886,902.06,143.8,841.65,141.18
2017-04-21,137.4244,898.53,143.68,843.19,142.87
2017-04-24,138.7477,907.41,145.47,862.76,143.83
2017-04-25,139.6074,907.62,146.49,872.3,152.16
2017-04-26,138.7863,909.29,146.56,871.73,150.17
2017-04-27,138.8926,918.38,147.7,874.25,153.08
2017-04-28,138.7574,924.99,150.25,905.96,152.2
2017-05-01,141.5876,948.23,152.46,912.57,155.35
2017-05-02,142.4859,946.94,152.78,916.44,156.45
2017-05-03,142.0512,941.03,151.8,927.04,155.59
2017-05-04,141.5393,937.53,150.85,931.66,157.25
2017-05-05,143.8865,934.15,150.24,927.13,156.6
2017-05-08,147.7986,949.04,151.06,934.3,156.38
2017-05-09,148.7452,952.82,150.48,932.17,157.46
2017-05-10,148.0401,948.95,150.29,928.78,160.28
2017-05-11,149.3204,947.62,150.04,930.6,158.54
2017-05-12,151.4058,961.35,150.33,932.22,160.81
2017-05-15,151.0178,957.97,150.19,937.08,160.02
2017-05-16,150.7947,966.07,149.78,943.0,159.41
2017-05-17,145.7317,944.76,144.85,919.62,153.2
2017-05-18,147.9528,958.49,147.66,930.24,155.7
2017-05-19,148.4572,959.84,148.06,934.01,157.02
2017-05-22,149.3592,970.67,148.24,941.86,157.16
2017-05-23,149.1749,971.54,148.07,948.82,157.95
2017-05-24,148.7288,980.35,150.04,954.96,157.75
2017-05-25,149.2428,993.38,151.96,969.54,163.05
2017-05-26,148.9906,995.78,152.13,971.47,162.43
2017-05-30,149.0488,996.7,152.38,975.88,163.22
2017-05-31,148.1662,994.62,151.46,964.86,163.07
2017-06-01,148.5736,995.95,151.53,966.95,162.99
2017-06-02,150.7753,1006.73,153.61,975.6,165.18
2017-06-05,149.301,1011.34,153.63,983.68,165.06
2017-06-06,149.8054,1003.0,152.81,976.57,165.17
2017-06-07,150.6977,1010.07,153.12,981.08,165.61
2017-06-08,150.3291,1010.27,154.71,983.41,165.88
2017-06-09,144.4999,978.31,149.6,949.83,158.03
2017-06-12,141.0469,964.91,148.44,942.9,151.44
2017-06-13,142.1817,980.79,150.68,953.4,152.72
2017-06-14,140.7947,976.47,150.25,950.76,152.2
2017-06-15,139.9509,964.17,149.8,942.31,151.76
2017-06-16,137.9917,987.71,150.64,939.78,152.38
2017-06-19,141.9393,995.17,152.87,957.37,153.4
2017-06-20,140.6493,992.59,152.25,950.63,152.05
2017-06-21,141.4834,1002.23,153.91,959.45,155.03
2017-06-22,141.2506,1001.3,153.4,957.09,154.89
2017-06-23,141.8811,1003.74,155.07,965.59,158.02
2017-06-26,141.4349,993.98,153.59,952.27,157.5
2017-06-27,139.4077,976.78,150.58,927.33,151.03
2017-06-28,141.4446,990.33,153.24,940.49,153.41
2017-06-29,139.3593,975.93,151.04,917.79,150.09
2017-06-30,139.689,968.0,150.98,908.73,149.41
2017-07-03,139.1847,953.66,148.43,898.7,146.17
2017-07-05,139.7569,971.4,150.34,911.71,147.61
2017-07-06,138.4378,965.14,148.82,906.69,146.25
2017-07-07,139.8442,978.76,151.44,918.59,150.18
2017-07-10,140.6978,996.47,153.5,928.8,152.67
2017-07-11,141.1536,994.13,155.27,930.09,154.33
2017-07-12,141.3573,1006.51,158.9,943.83,158.75
2017-07-13,143.3263,1000.63,159.26,947.16,158.21
2017-07-14,144.5581,1001.81,159.97,955.99,161.12
2017-07-17,145.0624,1010.04,159.73,953.42,161.7
2017-07-18,145.5668,1024.45,162.86,965.4,183.6
2017-07-19,146.4785,1026.87,164.14,970.89,183.86
2017-07-20,145.819,1028.7,164.53,968.15,183.6
2017-07-21,145.7511,1025.67,164.43,972.92,188.54
2017-07-24,147.5163,1038.95,166.0,980.34,187.91
2017-07-25,148.1468,1039.87,165.28,950.7,186.97
2017-07-26,148.8451,1052.8,165.61,947.8,189.08
2017-07-27,146.0324,1046.0,170.44,934.09,182.68
2017-07-28,145.0042,1020.04,172.45,941.53,184.04
2017-07-31,144.2574,987.78,169.25,930.5,181.66
2017-08-01,153.8209,996.19,169.86,930.83,182.03
2017-08-02,152.4145,995.89,169.3,930.39,180.74
2017-08-03,150.8917,986.92,168.59,923.65,179.23
2017-08-04,151.687,987.58,169.62,927.96,180.27
2017-08-07,154.0343,992.27,171.98,929.36,181.33
2017-08-08,155.2661,989.84,171.23,926.79,178.36
2017-08-09,156.2166,982.01,171.18,922.9,175.78
2017-08-10,151.2409,956.92,167.4,907.24,169.14
2017-08-11,153.3441,967.99,168.08,914.39,171.4
2017-08-14,155.6519,983.3,170.75,922.67,171.0
2017-08-15,157.3559,982.74,171.0,922.22,168.5
2017-08-16,156.723,978.18,170.0,926.96,169.98
2017-08-17,153.7142,960.57,166.91,910.98,166.09
2017-08-18,153.3636,958.47,167.41,910.67,166.54
2017-08-21,153.0812,953.29,167.78,906.66,166.76
2017-08-22,155.5837,966.9,169.64,924.69,169.34
2017-08-23,155.7785,958.0,168.71,927.0,169.06
2017-08-24,155.0871,952.45,167.74,921.28,168.13
2017-08-25,155.6616,945.26,166.32,915.89,165.95
2017-08-28,157.2293,946.02,167.24,913.81,167.12
2017-08-29,158.6315,954.06,168.05,921.29,168.81
2017-08-30,159.06,967.59,169.92,929.57,174.69
2017-08-31,159.6929,980.6,171.97,939.33,174.71
2017-09-01,159.7416,978.25,172.02,937.34,174.74
2017-09-05,157.8233,965.27,170.72,928.45,174.52
2017-09-06,157.6578,967.8,172.09,927.81,179.25
2017-09-07,157.0249,979.47,173.21,935.95,179.0
2017-09-08,154.4639,965.9,170.95,926.5,176.42
2017-09-11,157.2586,977.96,173.51,929.08,181.74
2017-09-12,156.6354,982.58,172.96,932.07,185.15
2017-09-13,155.4571,999.6,173.05,935.09,183.64
2017-09-14,154.1231,992.21,170.96,925.11,182.63
2017-09-15,155.6811,986.79,171.64,920.29,182.35
2017-09-18,154.5029,974.19,170.01,915.0,184.62
2017-09-19,154.5613,969.86,172.52,921.81,185.68
2017-09-20,151.9712,973.21,172.17,931.58,185.51
2017-09-21,149.3616,964.65,171.11,932.45,188.78
2017-09-22,147.9009,955.1,170.54,928.53,187.35
2017-09-25,146.5961,939.79,162.87,920.97,178.55
2017-09-26,149.1181,938.6,164.21,924.86,179.38
2017-09-27,150.1795,950.87,167.68,944.49,181.97
2017-09-28,149.2544,956.4,168.73,949.5,180.7
2017-09-29,150.0724,961.35,170.87,959.11,181.35
2017-10-02,149.7705,959.19,169.47,953.27,177.01
2017-10-03,150.4229,957.1,169.96,957.79,179.19
2017-10-04,149.4492,965.45,168.42,951.68,184.45
2017-10-05,151.309,980.85,171.24,969.96,194.39
2017-10-06,151.2214,989.58,172.23,978.89,198.02
2017-10-09,151.7472,990.99,172.5,977.0,196.87
2017-10-10,151.8056,987.2,171.59,972.6,195.08
2017-10-11,152.4386,995.0,172.74,989.25,194.95
2017-10-12,151.903,1000.93,172.55,987.83,195.86
2017-10-13,152.867,1002.94,173.74,989.68,199.49
2017-10-16,155.6811,1006.34,174.52,992.0,202.68
2017-10-17,156.2556,1009.13,176.11,992.18,199.48
2017-10-18,155.5643,997.0,176.03,992.81,195.54
2017-10-19,151.8835,986.61,174.56,984.45,195.13
2017-10-20,152.1464,982.91,174.98,988.2,194.16
2017-10-23,152.0685,966.3,171.27,968.45,192.47
2017-10-24,152.9741,975.9,171.8,970.54,196.02
2017-10-25,152.3022,972.91,170.6,973.33,193.77
2017-10-26,153.276,972.43,170.63,972.56,195.21
2017-10-27,158.7679,1100.95,177.88,1019.27,199.54
2017-10-30,162.3415,1110.85,179.87,1017.11,198.37
2017-10-31,164.6005,1105.28,180.06,1016.64,196.43
2017-11-01,162.507,1103.68,182.66,1025.5,198.0
2017-11-02,163.695,1094.22,178.92,1025.58,199.32
2017-11-03,167.9697,1111.6,178.92,1032.48,200.01
2017-11-06,169.6737,1120.66,180.17,1025.9,200.13
2017-11-07,170.219,1123.17,180.25,1033.33,195.89
2017-11-08,171.6114,1132.88,179.56,1039.85,196.44
2017-11-09,171.2609,1129.13,179.3,1031.26,193.9
2017-11-10,170.6941,1125.35,178.46,1028.07,192.02
2017-11-13,170.01,1129.17,178.77,1025.75,195.08
2017-11-14,167.4399,1136.84,178.07,1026.0,195.71
2017-11-15,165.2313,1126.69,177.95,1020.91,192.12
2017-11-16,167.2054,1137.29,179.59,1032.5,195.51
2017-11-17,166.277,1129.88,179.0,1019.09,193.2
2017-11-20,166.1109,1126.31,178.74,1018.38,194.1
2017-11-21,169.1989,1139.49,181.86,1034.49,196.23
2017-11-22,170.9775,1156.16,180.87,1035.96,196.32
2017-11-24,170.9873,1186.0,182.78,1040.61,195.75
2017-11-27,170.1273,1195.83,183.03,1054.21,195.05
2017-11-28,169.1305,1193.6,182.42,1047.41,199.18
2017-11-29,165.6222,1161.27,175.13,1021.66,188.15
2017-11-30,167.9383,1176.75,177.18,1021.41,187.58
2017-12-01,167.1565,1162.35,175.1,1010.17,186.82
2017-12-04,165.935,1133.95,171.47,998.68,184.04
2017-12-05,165.7786,1141.57,172.83,1005.15,184.21
2017-12-06,165.1629,1152.35,176.06,1018.38,185.3
2017-12-07,165.4659,1159.79,180.14,1030.93,185.2
2017-12-08,165.5147,1162.0,179.0,1037.05,188.54
2017-12-11,168.7396,1168.92,179.04,1041.1,186.22
2017-12-12,167.7917,1165.08,176.96,1040.48,185.73
2017-12-13,168.3487,1164.13,178.3,1040.61,187.86
2017-12-14,168.2999,1174.26,178.39,1049.15,189.56
2017-12-15,170.01,1179.14,180.18,1064.19,190.12
2017-12-18,172.4043,1190.58,180.82,1077.14,190.42
2017-12-19,170.5671,1187.38,179.51,1070.68,187.02
2017-12-20,170.3814,1177.62,177.89,1064.95,188.82
2017-12-21,171.0264,1174.76,177.45,1063.63,188.62
2017-12-22,171.0264,1168.36,177.2,1060.12,189.94
2017-12-26,166.6874,1176.76,175.99,1056.74,187.76
2017-12-27,166.7167,1182.26,177.62,1049.37,186.24
2017-12-28,167.1858,1186.1,177.92,1048.14,192.71
2017-12-29,165.3779,1169.47,176.46,1046.4,191.96
2018-01-02,168.339,1189.01,181.42,1065.0,201.07
2018-01-03,168.3096,1204.2,184.67,1082.48,205.05
2018-01-04,169.0914,1209.59,184.33,1086.4,205.63
2018-01-05,171.0166,1229.14,186.85,1102.23,209.99
2018-01-08,170.3814,1246.87,188.28,1106.94,212.05
2018-01-09,170.3618,1252.7,187.87,1106.26,209.31
2018-01-10,170.3228,1254.33,187.84,1102.61,212.52
2018-01-11,171.2902,1276.68,187.77,1105.52,217.24
2018-01-12,173.059,1305.2,179.37,1122.26,221.23
2018-01-16,172.1795,1304.86,178.39,1121.76,221.53
2018-01-17,175.0233,1295.0,177.6,1131.98,217.5
2018-01-18,175.1796,1293.32,179.8,1129.79,220.33
2018-01-19,174.3978,1294.58,181.29,1137.51,220.46
2018-01-22,172.9711,1327.31,185.37,1155.81,227.58
2018-01-23,173.0102,1362.54,189.35,1169.97,250.29
2018-01-24,170.2544,1357.51,186.55,1164.24,261.3
2018-01-25,167.2151,1377.95,187.48,1170.37,269.7
2018-01-26,167.606,1402.05,190.0,1175.84,274.6
2018-01-29,164.1368,1417.68,185.98,1175.58,284.59
2018-01-30,163.1694,1437.82,187.12,1163.69,278.8
2018-01-31,163.6189,1450.89,186.89,1169.94,270.3
2018-02-01,163.9609,1390.0,193.09,1167.7,265.07
2018-02-02,156.8467,1429.95,190.28,1111.9,267.43
2018-02-05,152.9279,1390.0,181.26,1055.8,254.26
2018-02-06,159.3191,1442.84,185.31,1080.6,265.72
2018-02-07,155.9085,1416.78,180.18,1048.58,264.56
2018-02-08,151.6184,1350.5,171.58,1001.52,250.1
2018-02-09,153.473,1339.6,176.11,1037.78,249.47
2018-02-12,159.6547,1386.23,176.41,1051.94,257.95
2018-02-13,161.2541,1414.51,173.15,1052.1,258.27
2018-02-14,164.2272,1451.05,179.52,1069.7,266.0
2018-02-15,169.7417,1461.76,179.96,1089.52,280.27
2018-02-16,169.1922,1448.69,177.36,1094.8,278.52
2018-02-20,168.6231,1468.35,176.01,1102.46,278.55
2018-02-21,167.8577,1482.92,177.91,1111.34,281.04
2018-02-22,169.2609,1485.34,178.99,1106.63,278.14
2018-02-23,172.2045,1500.0,183.29,1126.79,285.93
2018-02-26,175.6094,1521.95,184.93,1143.75,294.16
2018-02-27,175.0403,1511.98,181.46,1118.29,290.61
2018-02-28,174.7753,1512.45,178.32,1104.73,291.38
2018-03-01,171.7139,1493.45,175.94,1069.52,290.39
2018-03-02,172.9012,1500.25,176.62,1078.92,301.05
2018-03-05,173.4998,1523.61,180.4,1090.93,315.0
2018-03-06,173.3526,1537.64,179.78,1095.06,325.22
2018-03-07,171.7434,1545.0,183.71,1109.64,321.16
2018-03-08,173.6175,1551.86,182.34,1126.0,317.0
2018-03-09,176.6004,1578.89,185.23,1160.04,331.44
2018-03-12,178.3077,1598.39,184.76,1164.5,321.3
2018-03-13,176.5906,1588.18,181.88,1138.17,315.88
2018-03-14,175.0893,1591.0,184.19,1149.49,321.55
2018-03-15,175.2954,1582.32,183.86,1149.58,321.09
2018-03-16,174.6772,1571.68,185.09,1135.73,318.45
2018-03-19,172.0083,1544.93,172.56,1099.82,313.48
2018-03-20,171.9494,1586.51,168.15,1097.71,317.5
2018-03-21,168.054,1581.86,169.39,1090.88,316.48
2018-03-22,165.6794,1544.92,164.89,1049.08,306.7
2018-03-23,161.8428,1495.56,159.39,1021.57,300.94
2018-03-26,169.5258,1555.86,160.06,1053.21,320.35
2018-03-27,165.179,1497.05,152.22,1005.1,300.69
2018-03-28,163.3539,1431.42,153.03,1004.56,285.77
2018-03-29,164.6295,1447.34,159.79,1031.79,295.35
2018-04-02,163.5502,1371.99,155.39,1006.47,280.29
2018-04-03,165.228,1392.05,156.11,1013.41,283.67
2018-04-04,168.3876,1410.57,155.1,1025.14,288.94
2018-04-05,169.5552,1451.75,159.34,1027.81,293.97
2018-04-06,165.2182,1405.23,157.2,1007.04,288.85
2018-04-09,166.8569,1406.08,157.93,1015.45,289.93
2018-04-10,169.9968,1436.22,165.04,1031.64,298.07
2018-04-11,169.202,1427.05,166.32,1019.97,303.67
2018-04-12,170.8701,1448.5,163.87,1032.51,309.25
2018-04-13,171.449,1430.79,164.52,1029.27,311.65
2018-04-16,172.5185,1441.5,164.83,1037.98,307.78
2018-04-17,174.8931,1503.83,168.66,1074.16,336.06
2018-04-18,174.5006,1527.84,166.36,1072.08,334.52
2018-04-19,169.5552,1556.91,168.1,1087.7,332.7
2018-04-20,162.6082,1527.49,166.28,1072.96,327.77
2018-04-23,162.1372,1517.86,165.84,1067.45,318.69
2018-04-24,159.8804,1460.09,159.69,1019.98,307.02
2018-04-25,160.5771,1460.17,159.69,1021.18,305.76
2018-04-26,161.1363,1517.96,174.16,1040.04,313.98
2018-04-27,159.272,1572.62,173.59,1030.05,311.76
2018-04-30,162.1568,1566.13,172.0,1017.33,312.46
2018-05-01,165.9247,1582.26,173.86,1037.31,313.3
2018-05-02,173.2544,1569.68,176.07,1024.38,313.36
2018-05-03,173.5684,1572.08,174.02,1023.72,311.69
2018-05-04,180.3781,1580.95,176.61,1048.21,320.09
2018-05-07,181.6831,1600.14,177.97,1054.79,326.26
2018-05-08,182.5564,1592.39,178.92,1053.91,326.89
2018-05-09,183.8418,1608.0,182.66,1082.76,330.3
2018-05-10,186.4715,1609.08,185.53,1097.57,329.6
2018-05-11,185.7623,1602.91,186.99,1098.26,326.46
2018-05-14,185.3288,1601.54,186.64,1100.2,328.53
2018-05-15,183.6445,1576.12,184.32,1079.23,326.13
2018-05-16,185.3584,1587.28,183.2,1081.77,328.19
2018-05-17,184.1862,1581.76,183.76,1078.59,325.22
2018-05-18,183.5164,1574.37,182.68,1066.36,324.18
2018-05-21,184.8166,1585.46,184.49,1079.58,331.82
2018-05-22,184.3537,1581.4,183.8,1069.73,331.62
2018-05-23,185.5357,1601.86,186.9,1079.69,344.72
2018-05-24,185.3288,1603.07,185.93,1079.24,349.29
2018-05-25,185.7524,1610.15,184.92,1075.66,351.29
2018-05-29,185.0826,1612.87,185.74,1060.32,349.73
2018-05-30,184.6886,1624.89,187.67,1067.8,353.54
2018-05-31,184.068,1629.62,191.78,1084.99,351.6
2018-06-01,187.3875,1641.54,193.99,1119.5,359.93
2018-06-04,188.9537,1665.27,193.28,1139.29,361.81
2018-06-05,190.4115,1696.35,192.94,1139.66,365.8
2018-06-06,191.0714,1695.75,191.34,1136.88,367.45
2018-06-07,190.5592,1689.3,188.18,1123.86,361.4
2018-06-08,188.8256,1683.99,189.1,1120.87,360.57
2018-06-11,188.3627,1689.12,191.54,1129.99,361.45
2018-06-12,189.3969,1698.75,192.4,1139.32,363.83
2018-06-13,187.8406,1704.86,192.41,1134.79,379.93
2018-06-14,187.9391,1723.86,196.81,1152.12,392.87
2018-06-15,186.0085,1715.97,195.85,1152.26,391.98
2018-06-18,185.91,1723.79,198.31,1173.46,390.4
2018-06-19,182.9057,1734.78,197.49,1168.06,404.98
2018-06-20,183.7036,1750.08,202.0,1169.84,416.76
2018-06-21,182.6792,1730.22,201.5,1157.66,415.44
2018-06-22,182.1473,1715.67,201.74,1155.48,411.09
2018-06-25,179.4385,1663.15,196.35,1124.81,384.48
2018-06-26,181.6646,1691.09,199.0,1118.46,399.39
2018-06-27,181.3987,1660.51,195.84,1103.98,390.39
2018-06-28,182.7186,1701.45,196.23,1114.22,395.42
2018-06-29,182.3344,1699.8,194.32,1115.65,391.43
2018-07-02,184.3734,1713.78,197.36,1127.46,398.18
2018-07-03,181.1623,1693.96,192.73,1102.89,390.52
2018-07-05,182.6201,1699.73,198.45,1124.27,398.39
2018-07-06,185.1515,1710.63,203.23,1140.17,408.25
2018-07-09,187.7224,1739.02,204.74,1154.05,418.97
2018-07-10,187.4959,1743.07,203.54,1152.84,415.63
2018-07-11,185.0629,1755.0,202.54,1153.9,418.65
2018-07-12,188.1657,1796.62,206.92,1183.48,413.5
2018-07-13,188.4612,1813.03,207.32,1188.82,395.8
2018-07-16,188.0475,1822.49,207.23,1183.86,400.48
2018-07-17,188.5794,1843.93,209.99,1198.8,379.48
2018-07-18,187.5451,1842.92,209.36,1195.88,375.13
2018-07-19,189.0029,1812.97,208.09,1186.96,364.23
2018-07-20,188.5695,1813.7,209.94,1184.91,361.05
2018-07-23,188.737,1802.0,210.91,1205.5,362.66
2018-07-24,190.1061,1829.24,214.67,1248.08,357.32
2018-07-25,191.8988,1863.61,217.5,1263.7,362.87
2018-07-26,191.298,1808.0,176.26,1268.33,363.09
2018-07-27,188.1164,1817.27,174.89,1238.5,355.21
2018-07-30,187.0625,1779.22,171.06,1219.74,334.96
2018-07-31,187.4368,1777.44,172.58,1217.26,337.45
2018-08-01,198.4787,1797.17,171.65,1220.01,338.38
2018-08-02,204.2804,1834.33,176.37,1226.15,344.5
2018-08-03,204.8714,1823.29,177.78,1223.71,343.09
2018-08-06,205.9352,1847.75,185.69,1224.77,350.92
2018-08-07,204.0046,1862.48,183.81,1242.22,351.83
2018-08-08,204.1425,1886.52,185.18,1245.61,347.61
2018-08-09,205.748,1898.52,183.09,1249.1,349.36
2018-08-10,205.1352,1886.3,180.26,1237.61,345.87
2018-08-13,206.4597,1896.2,180.05,1235.01,341.31
2018-08-14,207.3296,1919.65,181.11,1242.1,337.49
2018-08-15,207.8139,1882.62,179.53,1214.38,326.4
2018-08-16,210.8584,1886.52,174.7,1206.49,322.44
2018-08-17,215.0692,1882.22,173.8,1200.96,316.78
2018-08-20,212.9737,1876.71,172.5,1207.77,327.73
2018-08-21,212.5585,1883.42,172.62,1201.62,338.02
2018-08-22,212.5684,1904.9,173.64,1207.33,344.44
2018-08-23,213.0034,1902.9,172.9,1205.38,339.17
2018-08-24,213.6656,1905.39,174.645,1220.65,358.82
2018-08-27,215.4251,1927.68,177.46,1241.82,364.58
2018-08-28,217.1648,1932.82,176.26,1231.15,368.49
2018-08-29,220.4069,1998.1,175.9,1249.3,368.04
2018-08-30,222.4333,2002.38,177.64,1239.12,370.98
2018-08-31,225.0033,2012.71,175.73,1218.19,367.68
2018-09-04,225.7248,2039.51,171.16,1197.0,363.6
2018-09-05,224.252,1994.82,167.18,1186.48,341.18
2018-09-06,220.5255,1958.31,162.53,1171.44,346.46
2018-09-07,218.7463,1952.07,163.04,1164.83,348.68
2018-09-10,215.8106,1939.01,164.18,1164.64,348.41
2018-09-11,221.2669,1987.15,165.94,1177.36,355.93
2018-09-12,218.519,1990.0,162.0,1162.82,369.95
2018-09-13,223.7973,1989.87,161.36,1175.33,368.15
2018-09-14,221.257,1970.19,162.32,1172.53,364.56
2018-09-17,215.3658,1908.03,160.58,1156.05,350.35
2018-09-18,215.7216,1941.05,160.3,1161.22,367.65
2018-09-19,215.8501,1926.42,163.06,1171.09,366.96
2018-09-20,217.491,1944.3,166.02,1186.87,365.36
2018-09-21,215.1483,1915.01,162.93,1166.09,361.19
2018-09-24,218.2422,1934.36,165.41,1173.37,369.61
2018-09-25,219.626,1974.55,164.91,1184.65,369.43
2018-09-26,217.8765,1974.85,166.95,1180.49,377.88
2018-09-27,222.3542,2012.98,168.84,1194.64,380.71
2018-09-28,223.1351,2003.0,164.46,1193.47,374.13
2018-10-01,224.6375,2004.36,162.44,1195.31,381.43
2018-10-02,226.6342,1971.31,159.33,1200.11,377.14
2018-10-03,229.392,1952.76,162.43,1202.95,377.05
2018-10-04,225.3591,1909.42,158.85,1168.19,363.65
2018-10-05,221.7018,1889.65,157.33,1157.35,351.35
2018-10-08,221.1878,1864.42,157.25,1148.97,349.1
2018-10-09,224.252,1870.32,157.9,1138.82,355.71
2018-10-10,213.8633,1755.25,151.38,1081.22,325.89
2018-10-11,211.9754,1719.36,153.35,1079.32,321.1
2018-10-12,219.547,1788.61,153.74,1110.08,339.56
2018-10-15,214.8518,1760.95,153.52,1092.25,333.13
2018-10-16,219.5865,1819.96,158.78,1121.28,346.4
2018-10-17,218.6376,1831.73,159.42,1115.69,364.7
2018-10-18,213.5272,1770.72,154.92,1087.97,346.71
2018-10-19,216.7793,1764.03,154.05,1096.46,332.67
2018-10-22,218.1038,1789.3,154.78,1101.16,329.54
2018-10-23,220.1598,1768.7,154.39,1103.69,333.16
2018-10-24,212.608,1664.2,146.04,1050.71,301.83
2018-10-25,217.2636,1782.17,150.95,1095.57,312.87
2018-10-26,213.804,1642.81,145.37,1071.47,299.83
2018-10-29,209.7909,1538.88,142.09,1020.08,284.84
2018-10-30,210.8386,1530.42,146.22,1036.21,285.81
2018-10-31,216.3345,1598.01,151.79,1076.77,301.78
2018-11-01,219.6557,1665.53,151.75,1070.0,317.38
2018-11-02,205.0858,1665.53,150.35,1057.79,309.1
2018-11-05,199.2638,1627.8,148.68,1040.09,315.44
2018-11-06,201.4186,1642.81,149.94,1055.81,310.84
2018-11-07,207.5273,1755.49,151.53,1093.39,327.5
2018-11-08,206.8032,1754.91,147.87,1082.4,317.92
2018-11-09,202.8157,1712.43,144.96,1066.15,303.47
2018-11-12,192.599,1636.85,141.55,1038.63,294.07
2018-11-13,190.6747,1631.17,142.16,1036.05,294.4
2018-11-14,185.2887,1599.01,144.22,1043.66,286.73
2018-11-15,189.8614,1619.44,143.85,1064.71,290.06
2018-11-16,191.9642,1593.41,139.53,1061.49,286.21
2018-11-19,184.3563,1512.29,131.55,1020.0,270.6
2018-11-20,175.5481,1495.46,132.43,1025.76,266.98
2018-11-21,175.3497,1516.73,134.82,1037.61,262.13
2018-11-23,170.8961,1502.06,131.73,1023.88,258.82
2018-11-26,173.2072,1581.33,136.38,1048.62,261.43
2018-11-27,172.8303,1581.42,135.0,1044.41,266.63
2018-11-28,179.4761,1677.75,136.76,1086.23,282.65
2018-11-29,178.0973,1673.57,138.68,1088.3,288.75
2018-11-30,177.1352,1690.17,140.61,1094.43,286.13
2018-12-03,183.3247,1772.36,141.09,1106.43,290.3
2018-12-04,175.2605,1668.4,137.93,1050.82,275.33
2018-12-06,173.3064,1699.19,139.63,1068.73,282.88
2018-12-07,167.1268,1629.13,137.42,1036.58,265.14
2018-12-10,168.2278,1641.03,141.85,1039.55,269.7
2018-12-11,167.2657,1643.24,142.08,1051.75,265.32
2018-12-12,167.7319,1663.54,144.5,1063.68,274.88
2018-12-13,169.5669,1658.38,145.01,1061.9,276.02
2018-12-14,164.1412,1591.91,144.06,1042.1,266.84
2018-12-17,162.6136,1520.91,140.19,1016.53,262.8
2018-12-18,164.7264,1551.48,143.66,1028.71,270.94
2018-12-19,159.5883,1495.08,133.24,1023.01,266.77
2018-12-20,155.5611,1460.83,133.4,1009.41,260.58
2018-12-21,149.5105,1377.45,124.95,979.54,246.39
2018-12-24,145.6421,1343.96,124.06,976.22,233.88
2018-12-26,155.8984,1470.9,134.18,1039.46,253.67
2018-12-27,154.8867,1461.64,134.52,1043.88,255.565
2018-12-28,154.966,1478.02,133.2,1037.08,256.08
2018-12-31,156.4638,1501.97,131.09,1035.61,267.66
2019-01-02,156.6423,1539.13,135.68,1045.85,267.66
2019-01-03,141.0396,1500.28,131.74,1016.06,271.2
2019-01-04,147.0605,1575.39,137.95,1070.71,297.57
2019-01-07,146.7332,1629.51,138.05,1068.39,315.34
2019-01-08,149.5303,1656.58,142.53,1076.28,320.27
2019-01-09,152.0696,1659.42,144.23,1074.66,319.96
2019-01-10,152.5557,1656.22,144.2,1070.33,324.66
2019-01-11,151.0579,1640.56,143.8,1057.19,337.59
2019-01-14,148.7864,1617.21,145.39,1044.69,332.94
2019-01-15,151.8316,1674.56,148.95,1077.15,354.64
2019-01-16,153.6864,1683.78,147.54,1080.97,351.39
2019-01-17,154.599,1693.22,148.3,1089.9,353.19
2019-01-18,155.5512,1696.2,150.04,1098.26,339.1
2019-01-22,152.0597,1632.17,147.57,1070.52,325.16
2019-01-23,152.6747,1640.02,144.3,1075.57,321.99
2019-01-24,151.4646,1654.93,145.83,1073.9,326.67
2019-01-25,156.4836,1670.57,149.01,1090.99,338.05
2019-01-28,155.0354,1637.89,147.47,1070.08,335.66
2019-01-29,153.4285,1593.88,144.19,1060.62,328.9
2019-01-30,163.913,1670.43,150.42,1089.06,340.66
2019-01-31,165.0934,1718.73,166.69,1116.37,339.5
2019-02-01,165.1728,1626.23,165.71,1110.75,339.85
2019-02-04,169.8645,1633.31,169.25,1132.8,351.34
2019-02-05,172.7708,1658.81,171.16,1145.99,355.81
2019-02-06,172.8303,1640.26,170.49,1115.23,352.19
2019-02-07,169.557,1614.37,166.38,1098.71,344.71
2019-02-08,169.7563,1588.22,167.33,1095.06,347.57
2019-02-11,168.7801,1591.0,165.79,1095.01,345.73
2019-02-12,170.2345,1638.01,165.04,1121.37,359.97
2019-02-13,169.5272,1640.0,164.07,1120.16,351.77
2019-02-14,170.1448,1622.65,163.95,1121.67,359.07
2019-02-15,169.7663,1607.95,162.5,1113.65,356.87
2019-02-19,170.2743,1627.58,162.29,1118.56,361.92
2019-02-20,171.3701,1622.1,162.56,1113.8,359.91
2019-02-21,170.4038,1619.44,160.04,1096.97,356.97
2019-02-22,172.3065,1631.56,161.89,1110.37,363.02
2019-02-25,173.5617,1633.0,164.62,1109.4,363.91
2019-02-26,173.6613,1636.4,164.13,1115.13,364.97
2019-02-27,174.1992,1641.09,162.81,1116.05,362.87
2019-02-28,172.4858,1639.83,161.45,1119.92,358.1
2019-03-01,174.2988,1671.73,162.28,1140.99,357.32
2019-03-04,175.1754,1696.17,167.37,1147.8,351.04
2019-03-05,174.8567,1692.43,171.26,1162.03,354.3
2019-03-06,173.8505,1668.95,172.51,1157.86,359.61
2019-03-07,171.8383,1625.95,169.13,1143.3,352.6
2019-03-08,172.2467,1620.8,169.6,1142.32,349.6
2019-03-11,178.2137,1670.62,172.07,1175.76,358.86
2019-03-12,180.216,1673.1,171.92,1193.2,356.27
2019-03-13,181.013,1690.81,173.37,1193.32,361.21
2019-03-14,183.0252,1686.22,170.17,1185.55,358.82
2019-03-15,185.406,1712.36,165.98,1184.46,361.46
2019-03-18,187.2988,1742.15,160.47,1184.26,363.44
2019-03-19,185.8145,1761.85,161.57,1198.85,358.78
2019-03-20,187.4382,1797.27,165.44,1223.97,375.22
2019-03-21,194.3416,1819.26,166.08,1231.54,377.87
2019-03-22,190.3171,1764.77,164.34,1205.5,361.01
2019-03-25,188.016,1774.26,166.29,1193.0,366.23
2019-03-26,186.0735,1783.76,167.68,1184.62,359.97
2019-03-27,187.747,1765.7,165.87,1173.02,353.37
2019-03-28,187.9961,1773.42,165.55,1168.49,354.61
2019-03-29,189.2214,1780.75,166.69,1173.31,356.56
