Date,Close,Return
2010/07/01,1027.37,-0.324048471
2010/07/02,1022.58,-0.466239038
2010/07/06,1028.06,0.535899392
2010/07/07,1060.27,3.133085618
2010/07/08,1070.24,0.940326521
2010/07/09,1077.96,0.721333533
2010/07/12,1078.75,0.073286578
2010/07/13,1095.34,1.537891078
2010/07/14,1095.17,-0.015520295
2010/07/15,1096.48,0.119616133
2010/07/16,1064.88,-2.881949511
2010/07/19,1071.25,0.598189467
2010/07/20,1083.48,1.141656943
2010/07/21,1069.59,-1.281980286
2010/07/22,1093.67,2.251329949
2010/07/23,1102.66,0.822002981
2010/07/26,1115.01,1.120018863
2010/07/27,1113.84,-0.104931794
2010/07/28,1106.13,-0.692199957
2010/07/29,1101.53,-0.41586432
2010/07/30,1101.6,0.006354797
2010/08/02,1125.86,2.202251271
2010/08/03,1120.46,-0.479633347
2010/08/04,1127.24,0.605108616
2010/08/05,1125.82,-0.125971399
2010/08/06,1121.64,-0.37128493
2010/08/09,1127.79,0.548304269
2010/08/10,1121.06,-0.596742301
2010/08/11,1089.47,-2.817868803
2010/08/12,1083.61,-0.537876215
2010/08/13,1079.25,-0.402358782
2010/08/16,1079.38,0.012045402
2010/08/17,1092.54,1.21921844
2010/08/18,1094.16,0.148278324
2010/08/19,1075.63,-1.693536594
2010/08/20,1071.69,-0.366296961
2010/08/23,1067.36,-0.404034749
2010/08/24,1051.87,-1.451244191
2010/08/25,1055.33,0.328937987
2010/08/26,1047.22,-0.768480002
2010/08/27,1064.59,1.65867726
2010/08/30,1048.92,-1.47192816
2010/08/31,1049.33,0.039087824
2010/09/01,1080.29,2.950454099
2010/09/02,1090.1,0.908089494
2010/09/03,1104.51,1.321897074
2010/09/07,1091.84,-1.14711501
2010/09/08,1098.87,0.643867233
2010/09/09,1104.18,0.483223675
2010/09/10,1109.55,0.48633375
2010/09/13,1121.9,1.113063855
2010/09/14,1121.1,-0.071307603
2010/09/15,1125.07,0.354116493
2010/09/16,1124.66,-0.036442177
2010/09/17,1125.59,0.082691658
2010/09/20,1142.71,1.520980108
2010/09/21,1139.78,-0.256408013
2010/09/22,1134.28,-0.482549264
2010/09/23,1124.83,-0.833127623
2010/09/24,1148.67,2.119431381
2010/09/27,1142.16,-0.566742406
2010/09/28,1147.7,0.485045878
2010/09/29,1144.73,-0.258778426
2010/09/30,1141.2,-0.308369659
2010/10/01,1146.24,0.441640379
2010/10/04,1137.03,-0.80349665
2010/10/05,1160.75,2.086136689
2010/10/06,1159.97,-0.067197932
2010/10/07,1158.06,-0.164659431
2010/10/08,1165.15,0.6122308
2010/10/11,1165.32,0.014590396
2010/10/12,1169.77,0.381869358
2010/10/13,1178.1,0.712105799
2010/10/14,1173.81,-0.364145658
2010/10/15,1176.19,0.202758538
2010/10/18,1184.71,0.724372763
2010/10/19,1165.9,-1.587730331
2010/10/20,1178.17,1.052405867
2010/10/21,1180.27,0.178242529
2010/10/22,1183.08,0.238081117
2010/10/25,1185.62,0.21469385
2010/10/26,1185.64,0.001686881
2010/10/27,1182.45,-0.269053001
2010/10/28,1183.78,0.112478329
2010/10/29,1183.26,-0.043927081
2010/11/01,1184.38,0.094653753
2010/11/02,1193.57,0.7759334
2010/11/03,1197.96,0.367804151
2010/11/04,1221.06,1.928278073
2010/11/05,1225.85,0.392282116
2010/11/08,1223.25,-0.212097728
2010/11/09,1213.4,-0.805231964
2010/11/10,1218.71,0.437613318
2010/11/11,1213.54,-0.424219051
2010/11/12,1199.21,-1.180842823
2010/11/15,1197.75,-0.121746817
2010/11/16,1178.34,-1.62053851
2010/11/17,1178.59,0.021216287
2010/11/18,1196.68,1.534884905
2010/11/19,1199.73,0.254871812
2010/11/22,1197.84,-0.157535445
2010/11/23,1180.73,-1.428404461
2010/11/24,1198.35,1.492297138
2010/11/26,1189.4,-0.746860266
2010/11/29,1187.76,-0.137884648
2010/11/30,1180.55,-0.607024988
2010/12/01,1206.07,2.16170429
2010/12/02,1221.53,1.281849312
2010/12/03,1224.71,0.260329259
2010/12/06,1223.12,-0.129826653
2010/12/07,1223.75,0.05150762
2010/12/08,1228.28,0.370173647
2010/12/09,1233,0.384277201
2010/12/10,1240.4,0.600162206
2010/12/13,1240.46,0.004837149
2010/12/14,1241.59,0.091095239
2010/12/15,1235.23,-0.512246394
2010/12/16,1242.87,0.618508294
2010/12/17,1243.91,0.083677295
2010/12/20,1247.08,0.254841588
2010/12/21,1254.6,0.603008628
2010/12/22,1258.84,0.337956321
2010/12/23,1256.77,-0.164437101
2010/12/27,1257.54,0.061268172
2010/12/28,1258.51,0.077134723
2010/12/29,1259.78,0.100912984
2010/12/30,1257.88,-0.150819984
2010/12/31,1257.64,-0.019079721
2011/01/03,1271.87,1.131484368
2011/01/04,1270.2,-0.131302727
2011/01/05,1276.56,0.50070855
2011/01/06,1273.85,-0.212289277
2011/01/07,1271.5,-0.184480119
2011/01/10,1269.75,-0.137632717
2011/01/11,1274.48,0.372514274
2011/01/12,1285.95,0.899974892
2011/01/13,1283.76,-0.170302111
2011/01/14,1293.24,0.738455786
2011/01/18,1295.02,0.137638799
2011/01/19,1281.92,-1.011567389
2011/01/20,1280.26,-0.12949326
2011/01/21,1283.35,0.241357224
2011/01/24,1290.84,0.583628784
2011/01/25,1291.18,0.026339438
2011/01/26,1296.63,0.422094518
2011/01/27,1299.54,0.22442794
2011/01/28,1276.34,-1.785247087
2011/01/31,1286.12,0.766253506
2011/02/01,1307.59,1.669362112
2011/02/02,1304.03,-0.272256594
2011/02/03,1307.1,0.235424032
2011/02/04,1310.87,0.288424757
2011/02/07,1319.05,0.62401306
2011/02/08,1324.57,0.418482999
2011/02/09,1320.88,-0.278580973
2011/02/10,1321.87,0.074950033
2011/02/11,1329.15,0.550734944
2011/02/14,1332.32,0.238498288
2011/02/15,1328.01,-0.323495857
2011/02/16,1336.32,0.6257483
2011/02/17,1340.43,0.307561063
2011/02/18,1343.01,0.192475549
2011/02/22,1315.44,-2.052851431
2011/02/23,1307.4,-0.611202335
2011/02/24,1306.1,-0.099433991
2011/02/25,1319.88,1.055049384
2011/02/28,1327.22,0.556111162
2011/03/01,1306.33,-1.573966637
2011/03/02,1308.44,0.161521208
2011/03/03,1330.97,1.721897833
2011/03/04,1321.15,-0.737807764
2011/03/07,1310.13,-0.834121788
2011/03/08,1321.82,0.892277866
2011/03/09,1320.03,-0.135419346
2011/03/10,1295.11,-1.887835883
2011/03/11,1304.28,0.708047965
2011/03/14,1296.39,-0.604931456
2011/03/15,1281.87,-1.120033323
2011/03/16,1256.88,-1.949495659
2011/03/17,1273.71,1.339029979
2011/03/18,1279.2,0.43102433
2011/03/21,1298.38,1.499374609
2011/03/22,1293.77,-0.355057841
2011/03/23,1297.54,0.291396462
2011/03/24,1309.66,0.93407525
2011/03/25,1313.8,0.316112579
2011/03/28,1310.19,-0.27477546
2011/03/29,1319.44,0.706004473
2011/03/30,1328.26,0.66846541
2011/03/31,1325.83,-0.18294611
2011/04/01,1332.41,0.496292888
2011/04/04,1332.87,0.034523908
2011/04/05,1332.63,-0.018006257
2011/04/06,1335.54,0.218365188
2011/04/07,1333.51,-0.151998443
2011/04/08,1328.17,-0.400446941
2011/04/11,1324.46,-0.279331712
2011/04/12,1314.16,-0.77767543
2011/04/13,1314.41,0.019023559
2011/04/14,1314.52,0.008368774
2011/04/15,1319.68,0.392538721
2011/04/18,1305.14,-1.10178225
2011/04/19,1312.62,0.573118593
2011/04/20,1330.36,1.351495482
2011/04/21,1337.38,0.527676719
2011/04/25,1335.25,-0.159266626
2011/04/26,1347.24,0.897959184
2011/04/27,1355.66,0.624981444
2011/04/28,1360.48,0.355546376
2011/04/29,1363.61,0.230065859
2011/05/02,1361.22,-0.175270055
2011/05/03,1356.62,-0.337932149
2011/05/04,1347.32,-0.685527266
2011/05/05,1335.1,-0.90698572
2011/05/06,1340.2,0.381993858
2011/05/09,1346.3,0.455155947
2011/05/10,1357.16,0.806655277
2011/05/11,1342.08,-1.111143859
2011/05/12,1348.65,0.489538627
2011/05/13,1337.77,-0.806732659
2011/05/16,1329.47,-0.620435501
2011/05/17,1328.98,-0.036856793
2011/05/18,1340.68,0.880374422
2011/05/19,1343.6,0.217799922
2011/05/20,1333.27,-0.768830009
2011/05/23,1317.37,-1.192556646
2011/05/24,1316.28,-0.082740612
2011/05/25,1320.47,0.31832133
2011/05/26,1325.69,0.39531379
2011/05/27,1331.1,0.408089372
2011/05/31,1345.2,1.059274284
2011/06/01,1314.55,-2.278471603
2011/06/02,1312.94,-0.122475372
2011/06/03,1300.16,-0.973387969
2011/06/06,1286.17,-1.076021413
2011/06/07,1284.94,-0.09563277
2011/06/08,1279.56,-0.418696593
2011/06/09,1289,0.737753603
2011/06/10,1270.98,-1.397982933
2011/06/13,1271.83,0.066877528
2011/06/14,1287.87,1.261174843
2011/06/15,1265.42,-1.743188365
2011/06/16,1267.64,0.175435824
2011/06/17,1271.5,0.304502856
2011/06/20,1278.36,0.539520252
2011/06/21,1295.52,1.342344879
2011/06/22,1287.14,-0.64684451
2011/06/23,1283.5,-0.28279752
2011/06/24,1268.44,-1.17335411
2011/06/27,1280.1,0.919239381
2011/06/28,1296.67,1.294430123
2011/06/29,1307.41,0.828275506
2011/06/30,1320.64,1.011924339
2011/07/01,1339.67,1.440968016
2011/07/05,1337.88,-0.133614995
2011/07/06,1339.22,0.10015846
2011/07/07,1353.22,1.045384627
2011/07/08,1343.8,-0.696117409
2011/07/11,1319.49,-1.809048966
2011/07/12,1313.64,-0.443353114
2011/07/13,1317.72,0.310587376
2011/07/14,1308.87,-0.671614607
2011/07/15,1316.14,0.555440953
2011/07/18,1305.44,-0.812983421
2011/07/19,1326.73,1.630867753
2011/07/20,1325.84,-0.067082225
2011/07/21,1343.8,1.354612925
2011/07/22,1345.02,0.09078732
2011/07/25,1337.43,-0.564303877
2011/07/26,1331.94,-0.410488773
2011/07/27,1304.89,-2.030872262
2011/07/28,1300.67,-0.323398907
2011/07/29,1292.28,-0.645052165
2011/08/01,1286.94,-0.41322314
2011/08/02,1254.05,-2.555674701
2011/08/03,1260.34,0.501574897
2011/08/04,1200.07,-4.782042941
2011/08/05,1199.38,-0.057496646
2011/08/08,1119.46,-6.663442779
2011/08/09,1172.53,4.740678541
2011/08/10,1120.76,-4.415238843
2011/08/11,1172.64,4.629001749
2011/08/12,1178.81,0.526163187
2011/08/15,1204.49,2.178468116
2011/08/16,1192.76,-0.973856155
2011/08/17,1193.88,0.093899863
2011/08/18,1140.65,-4.458572051
2011/08/19,1123.53,-1.50089861
2011/08/22,1123.82,0.025811505
2011/08/23,1162.35,3.428484989
2011/08/24,1177.6,1.311997247
2011/08/25,1159.27,-1.556555707
2011/08/26,1176.8,1.512158514
2011/08/29,1210.09,2.82885792
2011/08/30,1212.92,0.233866902
2011/08/31,1218.89,0.49220064
2011/09/01,1204.42,-1.187145682
2011/09/02,1173.97,-2.528187841
2011/09/06,1165.24,-0.743630587
2011/09/07,1198.62,2.86464591
2011/09/08,1185.9,-1.061220403
2011/09/09,1154.23,-2.670545577
2011/09/12,1162.27,0.696568275
2011/09/13,1172.87,0.912008397
2011/09/14,1188.67,1.34712287
2011/09/15,1209.11,1.71956893
2011/09/16,1216.01,0.570667681
2011/09/19,1204.09,-0.980255097
2011/09/20,1202.09,-0.166100541
2011/09/21,1166.76,-2.939047825
2011/09/22,1129.56,-3.188316363
2011/09/23,1136.43,0.608201424
2011/09/26,1162.95,2.333623716
2011/09/27,1175.38,1.06883357
2011/09/28,1151.06,-2.069118072
2011/09/29,1160.4,0.81142599
2011/09/30,1131.42,-2.497414685
2011/10/03,1099.23,-2.845097311
2011/10/04,1123.95,2.24884692
2011/10/05,1144.03,1.786556341
2011/10/06,1164.97,1.830371581
2011/10/07,1155.46,-0.816330034
2011/10/10,1194.89,3.412493725
2011/10/11,1195.54,0.054398313
2011/10/12,1207.25,0.979473711
2011/10/13,1203.66,-0.297370056
2011/10/14,1224.58,1.738032335
2011/10/17,1200.86,-1.936990642
2011/10/18,1225.38,2.041869993
2011/10/19,1209.88,-1.264913741
2011/10/20,1215.39,0.455417066
2011/10/21,1238.25,1.880877743
2011/10/24,1254.19,1.287300626
2011/10/25,1229.05,-2.00448098
2011/10/26,1242,1.05365933
2011/10/27,1284.59,3.429146538
2011/10/28,1285.09,0.038922925
2011/10/31,1253.3,-2.473756702
2011/11/01,1218.28,-2.794223251
2011/11/02,1237.9,1.610467216
2011/11/03,1261.15,1.87818079
2011/11/04,1253.23,-0.627998256
2011/11/07,1261.12,0.629573183
2011/11/08,1275.92,1.17356001
2011/11/09,1229.1,-3.66950906
2011/11/10,1239.69,0.861606053
2011/11/11,1263.86,1.949680969
2011/11/14,1251.78,-0.955802067
2011/11/15,1257.81,0.481714039
2011/11/16,1236.91,-1.661618209
2011/11/17,1216.13,-1.679992885
2011/11/18,1215.65,-0.039469465
2011/11/21,1192.98,-1.864845967
2011/11/22,1188.04,-0.414089088
2011/11/23,1161.79,-2.209521565
2011/11/25,1158.67,-0.268551115
2011/11/28,1192.55,2.924042221
2011/11/29,1195.19,0.221374366
2011/11/30,1246.96,4.331528878
2011/12/01,1244.58,-0.190864182
2011/12/02,1244.28,-0.024104517
2011/12/05,1257.08,1.028707365
2011/12/06,1258.47,0.110573711
2011/12/07,1261.01,0.201832384
2011/12/08,1234.35,-2.114178317
2011/12/09,1255.19,1.688337992
2011/12/12,1236.47,-1.491407675
2011/12/13,1225.73,-0.868601745
2011/12/14,1211.82,-1.134833936
2011/12/15,1215.75,0.32430559
2011/12/16,1219.66,0.321612174
2011/12/19,1205.35,-1.173277799
2011/12/20,1241.31,2.983365827
2011/12/21,1243.72,0.194149729
2011/12/22,1254,0.8265526
2011/12/23,1265.33,0.903508772
2011/12/27,1265.43,0.007903077
2011/12/28,1249.64,-1.247797191
2011/12/29,1263.02,1.070708364
2011/12/30,1257.61,-0.428338427
2012/01/03,1277.06,1.546584394
2012/01/04,1277.3,0.018793166
2012/01/05,1281.06,0.294370939
2012/01/06,1277.81,-0.253696158
2012/01/09,1280.7,0.22616821
2012/01/10,1292.08,0.88857656
2012/01/11,1292.48,0.030957835
2012/01/12,1295.5,0.233659322
2012/01/13,1289.09,-0.494789657
2012/01/17,1293.67,0.35528939
2012/01/18,1308.04,1.110793324
2012/01/19,1314.5,0.493868689
2012/01/20,1315.38,0.066945607
2012/01/23,1316,0.047134668
2012/01/24,1314.65,-0.102583587
2012/01/25,1326.05,0.867150953
2012/01/26,1318.43,-0.574638965
2012/01/27,1316.33,-0.159280356
2012/01/30,1313.01,-0.25221639
2012/01/31,1312.41,-0.045696529
2012/02/01,1324.09,0.889965788
2012/02/02,1325.54,0.109509172
2012/02/03,1344.9,1.460536838
2012/02/06,1344.33,-0.042382333
2012/02/07,1347.05,0.202331273
2012/02/08,1349.96,0.216027616
2012/02/09,1351.95,0.147411775
2012/02/10,1342.64,-0.688634935
2012/02/13,1351.77,0.680003575
2012/02/14,1350.5,-0.093950894
2012/02/15,1343.23,-0.538319141
2012/02/16,1358.04,1.102566202
2012/02/17,1361.23,0.234897352
2012/02/21,1362.21,0.071993712
2012/02/22,1357.66,-0.334016047
2012/02/23,1363.46,0.427205633
2012/02/24,1365.74,0.167221627
2012/02/27,1367.59,0.135457701
2012/02/28,1372.17,0.334895692
2012/02/29,1365.68,-0.472973465
2012/03/01,1374.09,0.615810439
2012/03/02,1369.63,-0.324578448
2012/03/05,1364.34,-0.386235699
2012/03/06,1343.36,-1.53773986
2012/03/07,1352.63,0.690060743
2012/03/08,1365.91,0.981791029
2012/03/09,1370.87,0.363127878
2012/03/12,1371.09,0.016048203
2012/03/13,1395.95,1.813155956
2012/03/14,1394.28,-0.119631792
2012/03/15,1402.6,0.596723757
2012/03/16,1404.17,0.111934978
2012/03/19,1409.75,0.397387781
2012/03/20,1405.52,-0.300053201
2012/03/21,1402.89,-0.187119358
2012/03/22,1392.79,-0.719942405
2012/03/23,1397.11,0.310168798
2012/03/26,1416.51,1.388580713
2012/03/27,1412.52,-0.281678209
2012/03/28,1405.54,-0.494152295
2012/03/29,1403.28,-0.160792293
2012/03/30,1408.47,0.369847785
2012/04/02,1419.04,0.750459719
2012/04/03,1413.38,-0.398861202
2012/04/04,1398.96,-1.020249331
2012/04/05,1398.08,-0.062903871
2012/04/09,1382.2,-1.135843442
2012/04/10,1358.59,-1.708146433
2012/04/11,1368.7,0.744153865
2012/04/12,1387.57,1.3786805
2012/04/13,1370.26,-1.24750463
2012/04/16,1369.57,-0.050355407
2012/04/17,1390.78,1.548661259
2012/04/18,1385.14,-0.405527833
2012/04/19,1376.92,-0.593441818
2012/04/20,1378.53,0.116927636
2012/04/23,1366.94,-0.840750655
2012/04/24,1371.97,0.367975185
2012/04/25,1390.69,1.364461322
2012/04/26,1399.98,0.66801372
2012/04/27,1403.36,0.24143202
2012/04/30,1397.91,-0.388353665
2012/05/01,1405.82,0.565844725
2012/05/02,1402.31,-0.249676345
2012/05/03,1391.57,-0.765879157
2012/05/04,1369.1,-1.614722939
2012/05/07,1369.58,0.035059528
2012/05/08,1363.72,-0.427868398
2012/05/09,1354.58,-0.670225559
2012/05/10,1357.99,0.251738546
2012/05/11,1353.39,-0.338735926
2012/05/14,1338.35,-1.111283518
2012/05/15,1330.66,-0.574588112
2012/05/16,1324.8,-0.440382968
2012/05/17,1304.86,-1.50513285
2012/05/18,1295.22,-0.738776574
2012/05/21,1315.99,1.60358858
2012/05/22,1316.63,0.048632588
2012/05/23,1318.86,0.169371805
2012/05/24,1320.68,0.137997968
2012/05/25,1317.82,-0.216555108
2012/05/29,1332.42,1.107890304
2012/05/30,1313.32,-1.433481935
2012/05/31,1310.33,-0.227667286
2012/06/01,1278.05,-2.463501561
2012/06/04,1278.18,0.010171746
2012/06/05,1285.5,0.572689293
2012/06/06,1315.13,2.304939712
2012/06/07,1314.99,-0.010645335
2012/06/08,1325.66,0.811413015
2012/06/11,1308.93,-1.262012884
2012/06/12,1324.18,1.165073763
2012/06/13,1314.88,-0.702321437
2012/06/14,1329.1,1.08146751
2012/06/15,1342.84,1.033782259
2012/06/18,1344.78,0.144469929
2012/06/19,1357.98,0.981573194
2012/06/20,1355.69,-0.168632822
2012/06/21,1325.51,-2.22617265
2012/06/22,1335.02,0.717459695
2012/06/25,1313.72,-1.595481716
2012/06/26,1319.99,0.477270651
2012/06/27,1331.85,0.898491655
2012/06/28,1329.04,-0.210984721
2012/06/29,1362.16,2.492024318
2012/07/02,1365.51,0.24593293
2012/07/03,1374.02,0.623210376
2012/07/05,1367.58,-0.46869769
2012/07/06,1354.68,-0.943272057
2012/07/09,1352.46,-0.16387634
2012/07/10,1341.47,-0.812593348
2012/07/11,1341.45,-0.001490902
2012/07/12,1334.76,-0.498714078
2012/07/13,1356.78,1.649734784
2012/07/16,1353.64,-0.231430298
2012/07/17,1363.67,0.740965102
2012/07/18,1372.78,0.668050188
2012/07/19,1376.51,0.271711418
2012/07/20,1362.66,-1.006167772
2012/07/23,1350.52,-0.890904554
2012/07/24,1338.31,-0.9040962
2012/07/25,1337.89,-0.031382863
2012/07/26,1360.02,1.654097123
2012/07/27,1385.97,1.908060176
2012/07/30,1385.3,-0.048341595
2012/07/31,1379.32,-0.431675449
2012/08/01,1375.14,-0.303047879
2012/08/02,1365,-0.737379467
2012/08/03,1390.99,1.904029304
2012/08/06,1394.23,0.232927627
2012/08/07,1401.35,0.510676144
2012/08/08,1402.22,0.062082991
2012/08/09,1402.8,0.041362982
2012/08/10,1405.87,0.218848018
2012/08/13,1404.11,-0.125189385
2012/08/14,1403.93,-0.012819508
2012/08/15,1405.53,0.113965796
2012/08/16,1415.51,0.710052436
2012/08/17,1418.16,0.187211676
2012/08/20,1418.13,-0.002115417
2012/08/21,1413.17,-0.349756369
2012/08/22,1413.49,0.022644126
2012/08/23,1402.08,-0.807221841
2012/08/24,1411.13,0.645469588
2012/08/27,1410.43,-0.049605635
2012/08/28,1409.3,-0.080117411
2012/08/29,1410.49,0.084439083
2012/08/30,1399.48,-0.780579799
2012/08/31,1406.58,0.507331294
2012/09/04,1404.94,-0.116594861
2012/09/05,1403.43,-0.107477899
2012/09/06,1432.12,2.044277235
2012/09/07,1437.92,0.404993995
2012/09/10,1429.08,-0.6147769
2012/09/11,1433.57,0.314188149
2012/09/12,1436.56,0.208570213
2012/09/13,1459.99,1.630979562
2012/09/14,1465.77,0.395893123
2012/09/17,1461.19,-0.312463756
2012/09/18,1459.32,-0.127977881
2012/09/19,1461.05,0.118548365
2012/09/20,1460.26,-0.054070703
2012/09/21,1460.15,-0.007532905
2012/09/24,1456.89,-0.223264733
2012/09/25,1441.59,-1.050182238
2012/09/26,1433.32,-0.573672126
2012/09/27,1447.15,0.964892697
2012/09/28,1440.67,-0.447776664
2012/10/01,1444.49,0.265154407
2012/10/02,1445.75,0.087228018
2012/10/03,1450.99,0.362441639
2012/10/04,1461.4,0.717441195
2012/10/05,1460.93,-0.032160942
2012/10/08,1455.88,-0.345670224
2012/10/09,1441.48,-0.989092508
2012/10/10,1432.56,-0.618808447
2012/10/11,1432.84,0.019545429
2012/10/12,1428.59,-0.296613718
2012/10/15,1440.13,0.807789499
2012/10/16,1454.92,1.026990619
2012/10/17,1460.91,0.411706486
2012/10/18,1457.34,-0.244368236
2012/10/19,1433.19,-1.657128741
2012/10/22,1433.82,0.043957884
2012/10/23,1413.11,-1.444393299
2012/10/24,1408.75,-0.308539321
2012/10/25,1412.97,0.299556344
2012/10/26,1411.94,-0.072896098
2012/10/31,1412.16,0.015581399
2012/11/01,1427.59,1.092652391
2012/11/02,1414.2,-0.937944368
2012/11/05,1417.26,0.21637675
2012/11/06,1428.39,0.785318149
2012/11/07,1394.53,-2.370501054
2012/11/08,1377.51,-1.220482887
2012/11/09,1379.85,0.169871725
2012/11/12,1380.03,0.013044896
2012/11/13,1374.53,-0.398542061
2012/11/14,1355.49,-1.38520076
2012/11/15,1353.33,-0.159351969
2012/11/16,1359.88,0.48399134
2012/11/19,1386.89,1.986204665
2012/11/20,1387.81,0.06633547
2012/11/21,1391.03,0.232020233
2012/11/23,1409.15,1.302631863
2012/11/26,1406.29,-0.202959231
2012/11/27,1398.94,-0.5226518
2012/11/28,1409.93,0.785594807
2012/11/29,1415.95,0.426971552
2012/11/30,1416.18,0.016243511
2012/12/03,1409.46,-0.474515951
2012/12/04,1407.05,-0.17098747
2012/12/05,1409.28,0.158487616
2012/12/06,1413.94,0.330665304
2012/12/07,1418.07,0.292091602
2012/12/10,1418.55,0.033848823
2012/12/11,1427.84,0.654894082
2012/12/12,1428.48,0.044822949
2012/12/13,1419.45,-0.632140457
2012/12/14,1413.58,-0.413540456
2012/12/17,1430.36,1.187056976
2012/12/18,1446.79,1.148661875
2012/12/19,1435.81,-0.758921474
2012/12/20,1443.69,0.548819133
2012/12/21,1430.15,-0.937874474
2012/12/24,1426.66,-0.244030346
2012/12/26,1419.83,-0.478740555
2012/12/27,1418.1,-0.121845573
2012/12/28,1402.43,-1.104999647
2012/12/31,1426.19,1.694202206
2013/01/02,1462.42,2.540334738
2013/01/03,1459.37,-0.208558417
2013/01/04,1466.47,0.486511303
2013/01/07,1461.89,-0.312314606
2013/01/08,1457.15,-0.324237802
2013/01/09,1461.02,0.265586933
2013/01/10,1472.12,0.759743193
2013/01/11,1472.05,-0.004755047
2013/01/14,1470.68,-0.093067491
2013/01/15,1472.34,0.112872957
2013/01/16,1472.63,0.019696537
2013/01/17,1480.94,0.564296531
2013/01/18,1485.98,0.340324389
2013/01/22,1492.56,0.442805421
2013/01/23,1494.81,0.150747709
2013/01/24,1494.82,0.000668981
2013/01/25,1502.96,0.54454717
2013/01/28,1500.18,-0.184968329
2013/01/29,1507.84,0.510605394
2013/01/30,1501.96,-0.3899618
2013/01/31,1498.11,-0.256331727
2013/02/01,1513.17,1.005266636
2013/02/04,1495.71,-1.15386903
2013/02/05,1511.29,1.041645774
2013/02/06,1512.12,0.054919969
2013/02/07,1509.39,-0.180541227
2013/02/08,1517.93,0.565791479
2013/02/11,1517.01,-0.060608855
2013/02/12,1519.43,0.159524327
2013/02/13,1520.33,0.059232739
2013/02/14,1521.38,0.069063953
2013/02/15,1519.79,-0.104510379
2013/02/19,1530.94,0.733653992
2013/02/20,1511.95,-1.240414386
2013/02/21,1502.42,-0.630311849
2013/02/22,1515.6,0.877251368
2013/02/25,1487.85,-1.830958036
2013/02/26,1496.94,0.610948684
2013/02/27,1515.99,1.272596096
2013/02/28,1514.68,-0.086412179
2013/03/01,1518.2,0.23239232
2013/03/04,1525.2,0.461072322
2013/03/05,1539.79,0.956595856
2013/03/06,1541.46,0.108456348
2013/03/07,1544.26,0.181645972
2013/03/08,1551.18,0.448111069
2013/03/11,1556.22,0.324913936
2013/03/12,1552.48,-0.240325918
2013/03/13,1554.52,0.131402659
2013/03/14,1563.23,0.560301572
2013/03/15,1560.7,-0.161844386
2013/03/18,1552.1,-0.551034792
2013/03/19,1548.34,-0.242252432
2013/03/20,1558.71,0.669749538
2013/03/21,1545.8,-0.828249001
2013/03/22,1556.89,0.717427869
2013/03/25,1551.69,-0.333999191
2013/03/26,1563.77,0.778506016
2013/03/27,1562.85,-0.058832181
2013/03/28,1569.19,0.40566913
2013/04/01,1562.17,-0.447364564
2013/04/02,1570.25,0.517229239
2013/04/03,1553.69,-1.054609139
2013/04/04,1559.98,0.404842665
2013/04/05,1553.28,-0.429492686
2013/04/08,1563.07,0.630279151
2013/04/09,1568.61,0.354430704
2013/04/10,1587.73,1.21891356
2013/04/11,1593.37,0.355224125
2013/04/12,1588.85,-0.28367548
2013/04/15,1552.36,-2.296629638
2013/04/16,1574.57,1.430724832
2013/04/17,1552.01,-1.432772122
2013/04/18,1541.61,-0.670098775
2013/04/19,1555.25,0.884789279
2013/04/22,1562.5,0.466162996
2013/04/23,1578.78,1.04192
2013/04/24,1578.79,0.0006334
2013/04/25,1585.16,0.403473546
2013/04/26,1582.24,-0.184208534
2013/04/29,1593.61,0.718601476
2013/04/30,1597.57,0.248492417
2013/05/01,1582.7,-0.930788635
2013/05/02,1597.59,0.940797372
2013/05/03,1614.42,1.053461777
2013/05/06,1617.5,0.19078059
2013/05/07,1625.96,0.523029366
2013/05/08,1632.69,0.413909321
2013/05/09,1626.67,-0.368716658
2013/05/10,1633.7,0.432171246
2013/05/13,1633.77,0.004284752
2013/05/14,1650.34,1.014218648
2013/05/15,1658.78,0.51140977
2013/05/16,1650.47,-0.500970593
2013/05/17,1667.47,1.030009634
2013/05/20,1666.29,-0.070765891
2013/05/21,1669.16,0.172238926
2013/05/22,1655.35,-0.827362266
2013/05/23,1650.51,-0.292385296
2013/05/24,1649.6,-0.055134474
2013/05/28,1660.06,0.634093113
2013/05/29,1648.36,-0.704793803
2013/05/30,1654.41,0.367031474
2013/05/31,1630.74,-1.430721526
2013/06/03,1640.42,0.593595546
2013/06/04,1631.38,-0.551078382
2013/06/05,1608.9,-1.377974476
2013/06/06,1622.56,0.849027286
2013/06/07,1643.38,1.28315748
2013/06/10,1642.81,-0.034684613
2013/06/11,1626.13,-1.015333483
2013/06/12,1612.52,-0.836956455
2013/06/13,1636.36,1.478431275
2013/06/14,1626.73,-0.588501308
2013/06/17,1639.04,0.756732832
2013/06/18,1651.81,0.779114604
2013/06/19,1628.93,-1.385147202
2013/06/20,1588.19,-2.501028282
2013/06/21,1592.43,0.266970577
2013/06/24,1573.09,-1.214496085
2013/06/25,1588.03,0.949723156
2013/06/26,1603.26,0.959049892
2013/06/27,1613.2,0.619986777
2013/06/28,1606.28,-0.428961071
2013/07/01,1614.96,0.540379012
2013/07/02,1614.08,-0.054490514
2013/07/03,1615.41,0.082399881
2013/07/05,1631.89,1.020174445
2013/07/08,1640.46,0.525157946
2013/07/09,1652.32,0.722967948
2013/07/10,1652.62,0.018156289
2013/07/11,1675.02,1.355423509
2013/07/12,1680.19,0.308653031
2013/07/15,1682.5,0.137484451
2013/07/16,1676.26,-0.370876672
2013/07/17,1680.91,0.277403267
2013/07/18,1689.37,0.503298808
2013/07/19,1692.09,0.161006766
2013/07/22,1695.53,0.203298879
2013/07/23,1692.39,-0.185192831
2013/07/24,1685.94,-0.381117827
2013/07/25,1690.25,0.255643736
2013/07/26,1691.65,0.082827984
2013/07/29,1685.33,-0.37359974
2013/07/30,1685.96,0.037381403
2013/07/31,1685.73,-0.013642079
2013/08/01,1706.87,1.254056106
2013/08/02,1709.67,0.164042956
2013/08/05,1707.14,-0.147981774
2013/08/06,1697.37,-0.572302213
2013/08/07,1690.91,-0.380588793
2013/08/08,1697.48,0.388548178
2013/08/09,1691.42,-0.356999788
2013/08/12,1689.47,-0.115287746
2013/08/13,1694.16,0.277601851
2013/08/14,1685.39,-0.51766067
2013/08/15,1661.32,-1.428156094
2013/08/16,1655.83,-0.330460116
2013/08/19,1646.06,-0.590036417
2013/08/20,1652.35,0.382124588
2013/08/21,1642.8,-0.577964717
2013/08/22,1656.96,0.861943024
2013/08/23,1663.5,0.394698725
2013/08/26,1656.78,-0.403967538
2013/08/27,1630.48,-1.587416555
2013/08/28,1634.96,0.274765713
2013/08/29,1638.17,0.196335079
2013/08/30,1632.97,-0.317427373
2013/09/03,1639.77,0.416419163
2013/09/04,1653.08,0.811699202
2013/09/05,1655.08,0.12098628
2013/09/06,1655.17,0.005437804
2013/09/09,1671.71,0.999293124
2013/09/10,1683.99,0.734577169
2013/09/11,1689.13,0.305227466
2013/09/12,1683.42,-0.338043845
2013/09/13,1687.99,0.271471172
2013/09/16,1697.6,0.569316169
2013/09/17,1704.76,0.421771913
2013/09/18,1725.52,1.217766724
2013/09/19,1722.34,-0.184292271
2013/09/20,1709.91,-0.721692581
2013/09/23,1701.84,-0.471954664
2013/09/24,1697.42,-0.259718892
2013/09/25,1692.77,-0.273945164
2013/09/26,1698.67,0.348541149
2013/09/27,1691.75,-0.407377537
2013/09/30,1681.55,-0.602925964
2013/10/01,1695,0.799857275
2013/10/02,1693.87,-0.066666667
2013/10/03,1678.66,-0.897943762
2013/10/04,1690.5,0.705324485
2013/10/07,1676.12,-0.850635907
2013/10/08,1655.45,-1.23320526
2013/10/09,1656.4,0.057386209
2013/10/10,1692.56,2.183047573
2013/10/11,1703.2,0.628633549
2013/10/14,1710.14,0.407468295
2013/10/15,1698.06,-0.706374917
2013/10/16,1721.54,1.382754437
2013/10/17,1733.15,0.67439618
2013/10/18,1744.5,0.654876958
2013/10/21,1744.66,0.009171682
2013/10/22,1754.67,0.573750759
2013/10/23,1746.38,-0.47245351
2013/10/24,1752.07,0.325816833
2013/10/25,1759.77,0.439480158
2013/10/28,1762.11,0.132971922
2013/10/29,1771.95,0.558421438
2013/10/30,1763.31,-0.487598409
2013/10/31,1756.54,-0.383937028
2013/11/01,1761.64,0.290343516
2013/11/04,1767.93,0.357053655
2013/11/05,1762.97,-0.280554094
2013/11/06,1770.49,0.426552919
2013/11/07,1747.15,-1.31827912
2013/11/08,1770.61,1.342758206
2013/11/11,1771.89,0.07229147
2013/11/12,1767.69,-0.23703503
2013/11/13,1782,0.809531083
2013/11/14,1790.62,0.48372615
2013/11/15,1798.18,0.422200132
2013/11/18,1791.53,-0.369818372
2013/11/19,1787.87,-0.204294653
2013/11/20,1781.37,-0.363561109
2013/11/21,1795.85,0.81285752
2013/11/22,1804.76,0.496143887
2013/11/25,1802.48,-0.126332587
2013/11/26,1802.75,0.014979362
2013/11/27,1807.23,0.248509222
2013/11/29,1805.81,-0.078573286
2013/12/02,1800.9,-0.271900145
2013/12/03,1795.15,-0.319284802
2013/12/04,1792.81,-0.130351224
2013/12/05,1785.03,-0.433955634
2013/12/06,1805.09,1.123790637
2013/12/09,1808.37,0.181708391
2013/12/10,1802.62,-0.317965903
2013/12/11,1782.22,-1.131686101
2013/12/12,1775.5,-0.377057827
2013/12/13,1775.32,-0.010137989
2013/12/16,1786.54,0.631998738
2013/12/17,1781,-0.310096611
2013/12/18,1810.65,1.664795059
2013/12/19,1809.6,-0.057990225
2013/12/20,1818.32,0.481874447
2013/12/23,1827.99,0.531809582
2013/12/24,1833.32,0.291577087
2013/12/26,1842.02,0.474548906
2013/12/27,1841.4,-0.033658701
2013/12/30,1841.07,-0.017921147
2013/12/31,1848.36,0.39596539
2014/01/02,1831.98,-0.886191002
2014/01/03,1831.37,-0.033297307
2014/01/06,1826.77,-0.25117808
2014/01/07,1837.88,0.608177275
2014/01/08,1837.49,-0.021220101
2014/01/09,1838.13,0.034830122
2014/01/10,1842.37,0.230669213
2014/01/13,1819.2,-1.257619262
2014/01/14,1838.88,1.081794195
2014/01/15,1848.38,0.516618811
2014/01/16,1845.89,-0.134712559
2014/01/17,1838.7,-0.389514001
2014/01/21,1843.8,0.277369881
2014/01/22,1844.86,0.057489966
2014/01/23,1828.46,-0.888956344
2014/01/24,1790.29,-2.087549085
2014/01/27,1781.56,-0.487630496
2014/01/28,1792.5,0.614068569
2014/01/29,1774.2,-1.020920502
2014/01/30,1794.19,1.126704994
2014/01/31,1782.59,-0.646531304
2014/02/03,1741.89,-2.283194677
2014/02/04,1755.2,0.764112544
2014/02/05,1751.64,-0.202825889
2014/02/06,1773.43,1.243977073
2014/02/07,1797.02,1.330190648
2014/02/10,1799.84,0.156926467
2014/02/11,1819.75,1.106209441
2014/02/12,1819.26,-0.026926776
2014/02/13,1829.83,0.581005464
2014/02/14,1838.63,0.480918992
2014/02/18,1840.76,0.115847125
2014/02/19,1828.75,-0.652447902
2014/02/20,1839.78,0.603144224
2014/02/21,1836.25,-0.191870767
2014/02/24,1847.61,0.618652144
2014/02/25,1845.12,-0.134768701
2014/02/26,1845.16,0.002167881
2014/02/27,1854.29,0.494808038
2014/02/28,1859.45,0.278273625
2014/03/03,1845.73,-0.737852591
2014/03/04,1873.91,1.526767187
2014/03/05,1873.81,-0.005336436
2014/03/06,1877.03,0.171842396
2014/03/07,1878.04,0.05380841
2014/03/10,1877.17,-0.046324892
2014/03/11,1867.63,-0.50821183
2014/03/12,1868.2,0.030519964
2014/03/13,1846.34,-1.170110267
2014/03/14,1841.13,-0.28217988
2014/03/17,1858.83,0.961366118
2014/03/18,1872.25,0.721959512
2014/03/19,1860.77,-0.613165977
2014/03/20,1872.01,0.604051011
2014/03/21,1866.52,-0.293267664
2014/03/24,1857.44,-0.486466794
2014/03/25,1865.62,0.440391076
2014/03/26,1852.56,-0.700035377
2014/03/27,1849.04,-0.190007341
2014/03/28,1857.62,0.464024575
2014/03/31,1872.34,0.792411796
2014/04/01,1885.52,0.703931978
2014/04/02,1890.9,0.285332428
2014/04/03,1888.77,-0.112644772
2014/04/04,1865.09,-1.25372597
2014/04/07,1845.04,-1.075015147
2014/04/08,1851.96,0.375059619
2014/04/09,1872.18,1.091816238
2014/04/10,1833.08,-2.088474399
2014/04/11,1815.69,-0.948676544
2014/04/14,1830.61,0.821726176
2014/04/15,1842.98,0.67573104
2014/04/16,1862.31,1.048844806
2014/04/17,1864.85,0.136389753
2014/04/21,1871.89,0.377510256
2014/04/22,1879.55,0.40921208
2014/04/23,1875.39,-0.221329574
2014/04/24,1878.61,0.17169762
2014/04/25,1863.4,-0.809641171
2014/04/28,1869.43,0.323602018
2014/04/29,1878.33,0.476080944
2014/04/30,1883.95,0.299201951
2014/05/01,1883.68,-0.014331591
2014/05/02,1881.14,-0.134842436
2014/05/05,1884.66,0.187120576
2014/05/06,1867.72,-0.898835864
2014/05/07,1878.21,0.561647356
2014/05/08,1875.63,-0.137364831
2014/05/09,1878.48,0.151948945
2014/05/12,1896.65,0.967271411
2014/05/13,1897.45,0.042179633
2014/05/14,1888.53,-0.470104614
2014/05/15,1870.85,-0.936177874
2014/05/16,1877.86,0.374695994
2014/05/19,1885.08,0.384480206
2014/05/20,1872.83,-0.649839795
2014/05/21,1888.03,0.811605965
2014/05/22,1892.49,0.23622506
2014/05/23,1900.53,0.424837119
2014/05/27,1911.91,0.59878034
2014/05/28,1909.78,-0.111406918
2014/05/29,1920.03,0.536711035
2014/05/30,1923.57,0.184372119
2014/06/02,1924.97,0.072781339
2014/06/03,1924.24,-0.037922669
2014/06/04,1927.88,0.189165593
2014/06/05,1940.46,0.65253024
2014/06/06,1949.44,0.462776867
2014/06/09,1951.27,0.093873112
2014/06/10,1950.79,-0.024599363
2014/06/11,1943.89,-0.353702859
2014/06/12,1930.11,-0.708887849
2014/06/13,1936.16,0.313453637
2014/06/16,1937.78,0.083670771
2014/06/17,1941.99,0.217258925
2014/06/18,1956.98,0.77188863
2014/06/19,1959.48,0.127747856
2014/06/20,1962.87,0.173005083
2014/06/23,1962.61,-0.01324591
2014/06/24,1949.98,-0.643530808
2014/06/25,1959.53,0.489748613
2014/06/26,1957.22,-0.117885411
2014/06/27,1960.96,0.191087359
2014/06/30,1960.23,-0.037226664
2014/07/01,1973.32,0.667778781
2014/07/02,1974.62,0.065878824
2014/07/03,1985.44,0.54795353
2014/07/07,1977.65,-0.392356354
2014/07/08,1963.71,-0.704877
2014/07/09,1972.83,0.464427028
2014/07/10,1964.68,-0.413112128
2014/07/11,1967.57,0.147097746
2014/07/14,1977.1,0.484353797
2014/07/15,1973.28,-0.193212281
2014/07/16,1981.57,0.420112706
2014/07/17,1958.12,-1.183405078
2014/07/18,1978.22,1.026494801
2014/07/21,1973.63,-0.232026772
2014/07/22,1983.53,0.501613778
2014/07/23,1987.01,0.175444788
2014/07/24,1987.98,0.048817067
2014/07/25,1978.34,-0.484914335
2014/07/28,1978.91,0.028812034
2014/07/29,1969.95,-0.452774507
2014/07/30,1970.07,0.006091525
2014/07/31,1930.67,-1.999928937
2014/08/01,1925.15,-0.285911109
2014/08/04,1938.99,0.71890502
2014/08/05,1920.21,-0.96854548
2014/08/06,1920.24,0.001562329
2014/08/07,1909.57,-0.555659709
2014/08/08,1931.59,1.153139188
2014/08/11,1936.92,0.275938476
2014/08/12,1933.75,-0.163661896
2014/08/13,1946.72,0.670717518
2014/08/14,1955.18,0.434577135
2014/08/15,1955.06,-0.006137542
2014/08/18,1971.74,0.853170747
2014/08/19,1981.6,0.500065932
2014/08/20,1986.51,0.247779572
2014/08/21,1992.37,0.294989706
2014/08/22,1988.4,-0.199260178
2014/08/25,1997.92,0.478776906
2014/08/26,2000.02,0.105109314
2014/08/27,2000.12,0.00499995
2014/08/28,1996.74,-0.168989861
2014/08/29,2003.37,0.332041227
2014/09/02,2002.28,-0.054408322
2014/09/03,2000.72,-0.077911181
2014/09/04,1997.65,-0.15344476
2014/09/05,2007.71,0.50359172
2014/09/08,2001.54,-0.3073153
2014/09/09,1988.44,-0.654496038
2014/09/10,1995.69,0.364607431
2014/09/11,1997.45,0.08819005
2014/09/12,1985.54,-0.596260232
2014/09/15,1984.13,-0.071013427
2014/09/16,1998.98,0.748438862
2014/09/17,2001.57,0.129566079
2014/09/18,2011.36,0.489116044
2014/09/19,2010.4,-0.0477289
2014/09/22,1994.29,-0.801333068
2014/09/23,1982.77,-0.577649188
2014/09/24,1998.3,0.783247679
2014/09/25,1965.99,-1.616874343
2014/09/26,1982.85,0.857583202
2014/09/29,1977.8,-0.254683915
2014/09/30,1972.29,-0.278592375
2014/10/01,1946.16,-1.324855878
2014/10/02,1946.17,0.000513832
2014/10/03,1967.9,1.116551997
2014/10/06,1964.82,-0.156512018
2014/10/07,1935.1,-1.512606753
2014/10/08,1968.89,1.746162989
2014/10/09,1928.21,-2.066138789
2014/10/10,1906.13,-1.14510349
2014/10/13,1874.74,-1.646792192
2014/10/14,1877.7,0.157888561
2014/10/15,1862.49,-0.810033552
2014/10/16,1862.76,0.014496722
2014/10/17,1886.76,1.288410745
2014/10/20,1904.01,0.914265725
2014/10/21,1941.28,1.957447702
2014/10/22,1927.11,-0.729930767
2014/10/23,1950.82,1.230339732
2014/10/24,1964.58,0.705344419
2014/10/27,1961.63,-0.150159322
2014/10/28,1985.05,1.193905069
2014/10/29,1982.3,-0.138535553
2014/10/30,1994.65,0.623013671
2014/10/31,2018.05,1.173138145
2014/11/03,2017.81,-0.011892669
2014/11/04,2012.1,-0.282980063
2014/11/05,2023.57,0.57005119
2014/11/06,2031.21,0.377550567
2014/11/07,2031.92,0.034954534
2014/11/10,2038.26,0.312020158
2014/11/11,2039.68,0.069667265
2014/11/12,2038.25,-0.070109037
2014/11/13,2039.33,0.052986631
2014/11/14,2039.82,0.024027499
2014/11/17,2041.32,0.0735359
2014/11/18,2051.8,0.513393295
2014/11/19,2048.72,-0.150112097
2014/11/20,2052.75,0.196708189
2014/11/21,2063.5,0.523687736
2014/11/24,2069.41,0.286406591
2014/11/25,2067.03,-0.115008626
2014/11/26,2072.83,0.280595831
2014/11/28,2067.56,-0.254241785
2014/12/01,2053.44,-0.682930604
2014/12/02,2066.55,0.63844086
2014/12/03,2074.33,0.376472865
2014/12/04,2071.92,-0.116182093
2014/12/05,2075.37,0.166512221
2014/12/08,2060.31,-0.725653739
2014/12/09,2059.82,-0.023782829
2014/12/10,2026.14,-1.635094329
2014/12/11,2035.33,0.453571816
2014/12/12,2002.33,-1.621358699
2014/12/15,1989.63,-0.634261086
2014/12/16,1972.74,-0.848901555
2014/12/17,2012.89,2.035240326
2014/12/18,2061.23,2.401522189
2014/12/19,2070.65,0.457008679
2014/12/22,2078.54,0.38103977
2014/12/23,2082.17,0.174641816
2014/12/24,2081.88,-0.013927777
2014/12/26,2088.77,0.330950871
2014/12/29,2090.57,0.086175117
2014/12/30,2080.35,-0.488861889
2014/12/31,2058.9,-1.031076502
2015/01/02,2058.2,-0.033998737
2015/01/05,2020.58,-1.827810708
2015/01/06,2002.61,-0.889348603
2015/01/07,2025.9,1.162982308
2015/01/08,2062.14,1.788834592
2015/01/09,2044.81,-0.84038911
2015/01/12,2028.26,-0.809366151
2015/01/13,2023.03,-0.257856488
2015/01/14,2011.27,-0.581306258
2015/01/15,1992.67,-0.924788815
2015/01/16,2019.42,1.342419969
2015/01/20,2022.55,0.154994999
2015/01/21,2032.12,0.473165064
2015/01/22,2063.15,1.526976753
2015/01/23,2051.82,-0.549160265
2015/01/26,2057.09,0.256845142
2015/01/27,2029.55,-1.338784399
2015/01/28,2002.16,-1.349560247
2015/01/29,2021.25,0.953470252
2015/01/30,1994.99,-1.299196042
2015/02/02,2020.85,1.296247099
2015/02/03,2050.03,1.443946854
2015/02/04,2041.51,-0.415603674
2015/02/05,2062.52,1.029140195
2015/02/06,2055.47,-0.341814867
2015/02/09,2046.74,-0.42472038
2015/02/10,2068.59,1.067551326
2015/02/11,2068.53,-0.002900526
2015/02/12,2088.48,0.964453017
2015/02/13,2096.99,0.407473378
2015/02/17,2100.34,0.159752789
2015/02/18,2099.68,-0.031423484
2015/02/19,2097.45,-0.10620666
2015/02/20,2110.3,0.612648692
2015/02/23,2109.66,-0.030327442
2015/02/24,2115.48,0.275873837
2015/02/25,2113.86,-0.076578365
2015/02/26,2110.74,-0.147597286
2015/02/27,2104.5,-0.295630916
2015/03/02,2117.39,0.61249703
2015/03/03,2107.78,-0.453860649
2015/03/04,2098.53,-0.438850354
2015/03/05,2101.04,0.119607535
2015/03/06,2071.26,-1.417393291
2015/03/09,2079.43,0.394445893
2015/03/10,2044.16,-1.696137884
2015/03/11,2040.24,-0.191765811
2015/03/12,2065.95,1.260145865
2015/03/13,2053.4,-0.607468719
2015/03/16,2081.19,1.35336515
2015/03/17,2074.28,-0.332021584
2015/03/18,2099.5,1.21584357
2015/03/19,2089.27,-0.487258871
2015/03/20,2108.1,0.901271736
2015/03/23,2104.42,-0.174564774
2015/03/24,2091.5,-0.613945885
2015/03/25,2061.05,-1.4558929
2015/03/26,2056.15,-0.237742898
2015/03/27,2061.02,0.236850424
2015/03/30,2086.24,1.223665952
2015/03/31,2067.89,-0.87957282
2015/04/01,2059.69,-0.396539468
2015/04/02,2066.96,0.352965738
2015/04/06,2080.62,0.66087394
2015/04/07,2076.33,-0.20618854
2015/04/08,2081.9,0.268261789
2015/04/09,2091.18,0.445746674
2015/04/10,2102.06,0.520280416
2015/04/13,2092.43,-0.458122033
2015/04/14,2095.84,0.162968415
2015/04/15,2106.63,0.514829376
2015/04/16,2104.99,-0.077849456
2015/04/17,2081.18,-1.131121763
2015/04/20,2100.4,0.923514545
2015/04/21,2097.29,-0.148067035
2015/04/22,2107.96,0.50875177
2015/04/23,2112.93,0.235772975
2015/04/24,2117.69,0.225279588
2015/04/27,2108.92,-0.414130491
2015/04/28,2114.76,0.276918992
2015/04/29,2106.85,-0.374037716
2015/04/30,2085.51,-1.012886537
2015/05/01,2108.29,1.092298766
2015/05/04,2114.49,0.294077191
2015/05/05,2089.46,-1.183736977
2015/05/06,2080.15,-0.445569669
2015/05/07,2088,0.377376631
2015/05/08,2116.1,1.345785441
2015/05/11,2105.33,-0.508955153
2015/05/12,2099.12,-0.294965635
2015/05/13,2098.48,-0.030488967
2015/05/14,2121.1,1.077923068
2015/05/15,2122.73,0.076846919
2015/05/18,2129.2,0.304796182
2015/05/19,2127.83,-0.064343415
2015/05/20,2125.85,-0.093052546
2015/05/21,2130.82,0.233788837
2015/05/22,2126.06,-0.223388179
2015/05/26,2104.2,-1.028192995
2015/05/27,2123.48,0.916262713
2015/05/28,2120.79,-0.126678848
2015/05/29,2107.39,-0.631840022
2015/06/01,2111.73,0.205941947
2015/06/02,2109.6,-0.100865167
2015/06/03,2114.07,0.21188851
2015/06/04,2095.84,-0.862317709
2015/06/05,2092.83,-0.143617833
2015/06/08,2079.28,-0.64744867
2015/06/09,2080.15,0.041841407
2015/06/10,2105.2,1.204240079
2015/06/11,2108.86,0.173855216
2015/06/12,2094.11,-0.699430024
2015/06/15,2084.43,-0.462248879
2015/06/16,2096.29,0.568980489
2015/06/17,2100.44,0.197968792
2015/06/18,2121.24,0.990268706
2015/06/19,2109.99,-0.530350173
2015/06/22,2122.85,0.609481562
2015/06/23,2124.2,0.063593754
2015/06/24,2108.58,-0.735335656
2015/06/25,2102.31,-0.297356515
2015/06/26,2101.49,-0.039004714
2015/06/29,2057.64,-2.086614735
2015/06/30,2063.11,0.265838533
2015/07/01,2077.42,0.693613041
2015/07/02,2076.78,-0.030807444
2015/07/06,2068.76,-0.386174751
2015/07/07,2081.34,0.608093737
2015/07/08,2046.68,-1.665273334
2015/07/09,2051.31,0.226220025
2015/07/10,2076.62,1.233845689
2015/07/13,2099.6,1.106605927
2015/07/14,2108.95,0.445322919
2015/07/15,2107.4,-0.07349629
2015/07/16,2124.29,0.801461517
2015/07/17,2126.64,0.110625197
2015/07/20,2128.28,0.077116954
2015/07/21,2119.21,-0.42616573
2015/07/22,2114.15,-0.23876822
2015/07/23,2102.15,-0.567604002
2015/07/24,2079.65,-1.070332755
2015/07/27,2067.64,-0.577501022
2015/07/28,2093.25,1.238610203
2015/07/29,2108.57,0.731876269
2015/07/30,2108.63,0.00284553
2015/07/31,2103.84,-0.227161712
2015/08/03,2098.04,-0.275686364
2015/08/04,2093.32,-0.224971879
2015/08/05,2099.84,0.311466952
2015/08/06,2083.56,-0.775297165
2015/08/07,2077.57,-0.287488721
2015/08/10,2104.18,1.280823269
2015/08/11,2084.07,-0.955716716
2015/08/12,2086.05,0.095006406
2015/08/13,2083.39,-0.127513722
2015/08/14,2091.54,0.39118936
2015/08/17,2102.44,0.521147097
2015/08/18,2096.92,-0.262552082
2015/08/19,2079.61,-0.825496442
2015/08/20,2035.73,-2.110011012
2015/08/21,1970.89,-3.18509822
2015/08/24,1893.21,-3.941366591
2015/08/25,1867.61,-1.35220076
2015/08/26,1940.51,3.90338454
2015/08/27,1987.66,2.429773616
2015/08/28,1988.87,0.060875602
2015/08/31,1972.18,-0.839169981
2015/09/01,1913.85,-2.957640783
2015/09/02,1948.86,1.829296967
2015/09/03,1951.13,0.116478351
2015/09/04,1921.22,-1.532957824
2015/09/08,1969.41,2.508302016
2015/09/09,1942.04,-1.389756323
2015/09/10,1952.29,0.527795514
2015/09/11,1961.05,0.44870383
2015/09/14,1953.03,-0.408964585
2015/09/15,1978.09,1.283134412
2015/09/16,1995.31,0.87053673
2015/09/17,1990.2,-0.256100556
2015/09/18,1958.03,-1.61642046
2015/09/21,1966.97,0.45658136
2015/09/22,1942.74,-1.231843902
2015/09/23,1938.76,-0.204865293
2015/09/24,1932.24,-0.336297427
2015/09/25,1931.34,-0.046578065
2015/09/28,1881.77,-2.566611782
2015/09/29,1884.09,0.123288181
2015/09/30,1920.03,1.907552187
2015/10/01,1923.82,0.197392749
2015/10/02,1951.36,1.431526858
2015/10/05,1987.05,1.828980813
2015/10/06,1979.92,-0.358823381
2015/10/07,1995.83,0.803567821
2015/10/08,2013.43,0.881838634
2015/10/09,2014.89,0.072513075
2015/10/12,2017.46,0.127550387
2015/10/13,2003.69,-0.682541413
2015/10/14,1994.24,-0.471629843
2015/10/15,2023.86,1.485277599
2015/10/16,2033.11,0.457047424
2015/10/19,2033.66,0.027052152
2015/10/20,2030.77,-0.142108317
2015/10/21,2018.94,-0.582537658
2015/10/22,2052.51,1.662753722
2015/10/23,2075.15,1.103039693
2015/10/26,2071.18,-0.191311471
2015/10/27,2065.89,-0.25540996
2015/10/28,2090.35,1.183993339
2015/10/29,2089.41,-0.044968546
2015/10/30,2079.36,-0.480997028
2015/11/02,2104.05,1.18738458
2015/11/03,2109.79,0.272807205
2015/11/04,2102.31,-0.354537655
2015/11/05,2099.93,-0.113208804
2015/11/06,2099.2,-0.034763064
2015/11/09,2078.58,-0.982278963
2015/11/10,2081.72,0.151064669
2015/11/11,2075,-0.322809984
2015/11/12,2045.97,-1.399036145
2015/11/13,2023.04,-1.120739796
2015/11/16,2053.19,1.490331382
2015/11/17,2050.44,-0.133937921
2015/11/18,2083.58,1.616238466
2015/11/19,2081.24,-0.112306703
2015/11/20,2089.17,0.381022852
2015/11/23,2086.59,-0.123494019
2015/11/24,2089.14,0.122208963
2015/11/25,2088.87,-0.012923978
2015/11/27,2090.11,0.059362239
2015/11/30,2080.41,-0.464090407
2015/12/01,2102.63,1.0680587
2015/12/02,2079.51,-1.099575294
2015/12/03,2049.62,-1.437357839
2015/12/04,2091.69,2.052575599
2015/12/07,2077.07,-0.698956346
2015/12/08,2063.59,-0.648991127
2015/12/09,2047.62,-0.773894039
2015/12/10,2052.23,0.22513943
2015/12/11,2012.37,-1.942277425
2015/12/14,2021.94,0.47555867
2015/12/15,2043.41,1.061851489
2015/12/16,2073.07,1.451495295
2015/12/17,2041.89,-1.50404955
2015/12/18,2005.55,-1.779723687
2015/12/21,2021.15,0.77784149
2015/12/22,2038.97,0.881676273
2015/12/23,2064.29,1.24180346
2015/12/24,2060.99,-0.15986126
2015/12/28,2056.5,-0.217856467
2015/12/29,2078.36,1.062971067
2015/12/30,2063.36,-0.721722897
2015/12/31,2043.94,-0.941183313
2016/01/04,2012.66,-1.530377604
2016/01/05,2016.71,0.201226238
2016/01/06,1990.26,-1.311542066
2016/01/07,1943.09,-2.370042105
2016/01/08,1922.03,-1.083840687
2016/01/11,1923.67,0.085326452
2016/01/12,1938.68,0.780279362
2016/01/13,1890.28,-2.49654404
2016/01/14,1921.84,1.669593923
2016/01/15,1880.33,-2.159909254
2016/01/19,1881.33,0.053182154
2016/01/20,1859.33,-1.169385488
2016/01/21,1868.99,0.519541986
2016/01/22,1906.9,2.028368263
2016/01/25,1877.08,-1.563794641
2016/01/26,1903.63,1.414430925
2016/01/27,1882.95,-1.086345561
2016/01/28,1893.36,0.552855891
2016/01/29,1940.24,2.476021464
2016/02/01,1939.38,-0.044324413
2016/02/02,1903.03,-1.874310347
2016/02/03,1912.53,0.499203901
2016/02/04,1915.45,0.152677344
2016/02/05,1880.05,-1.848129682
2016/02/08,1853.44,-1.415387889
2016/02/09,1852.21,-0.066363087
2016/02/10,1851.86,-0.018896345
2016/02/11,1829.08,-1.230114587
2016/02/12,1864.78,1.951800905
2016/02/16,1895.58,1.651669366
2016/02/17,1926.82,1.648044398
2016/02/18,1917.83,-0.466571865
2016/02/19,1917.78,-0.002607113
2016/02/22,1945.5,1.445421268
2016/02/23,1921.27,-1.245438191
2016/02/24,1929.8,0.443977161
2016/02/25,1951.7,1.134832625
2016/02/26,1948.05,-0.187016447
2016/02/29,1932.23,-0.812094145
2016/03/01,1978.35,2.386879409
2016/03/02,1986.45,0.409432103
2016/03/03,1993.4,0.349870372
2016/03/04,1999.99,0.33059095
2016/03/07,2001.76,0.088500443
2016/03/08,1979.26,-1.12401087
2016/03/09,1989.26,0.505239332
2016/03/10,1989.57,0.015583684
2016/03/11,2022.19,1.639550255
2016/03/14,2019.64,-0.12610091
2016/03/15,2015.93,-0.183696104
2016/03/16,2027.22,0.560039287
2016/03/17,2040.59,0.65952388
2016/03/18,2049.58,0.440558858
2016/03/21,2051.6,0.098556777
2016/03/22,2049.8,-0.087736401
2016/03/23,2036.71,-0.638598888
2016/03/24,2035.94,-0.03780607
2016/03/28,2037.05,0.054520271
2016/03/29,2055.01,0.881667117
2016/03/30,2063.95,0.435034379
2016/03/31,2059.74,-0.20397781
2016/04/01,2072.78,0.633089613
2016/04/04,2066.13,-0.320825172
2016/04/05,2045.17,-1.01445698
2016/04/06,2066.66,1.050768396
2016/04/07,2041.91,-1.197584508
2016/04/08,2047.6,0.278660666
2016/04/11,2041.99,-0.273979293
2016/04/12,2061.72,0.96621433
2016/04/13,2082.42,1.004016064
2016/04/14,2082.78,0.017287579
2016/04/15,2080.73,-0.098426142
2016/04/18,2094.34,0.65409736
2016/04/19,2100.8,0.308450395
2016/04/20,2102.4,0.076161462
2016/04/21,2091.48,-0.519406393
2016/04/22,2091.58,0.004781303
2016/04/25,2087.79,-0.181202727
2016/04/26,2091.7,0.187279372
2016/04/27,2095.15,0.164937611
2016/04/28,2075.81,-0.923084266
2016/04/29,2065.3,-0.506308381
2016/05/02,2081.43,0.781000339
2016/05/03,2063.37,-0.867672706
2016/05/04,2051.12,-0.593688965
2016/05/05,2050.63,-0.023889387
2016/05/06,2057.14,0.317463414
2016/05/09,2058.69,0.075347327
2016/05/10,2084.39,1.24836668
2016/05/11,2064.46,-0.956155038
2016/05/12,2064.11,-0.016953586
2016/05/13,2046.61,-0.847823033
2016/05/16,2066.66,0.979668818
2016/05/17,2047.21,-0.941132068
2016/05/18,2047.63,0.020515726
2016/05/19,2040.04,-0.370672436
2016/05/20,2052.32,0.601948981
2016/05/23,2048.04,-0.208544476
2016/05/24,2076.06,1.368137341
2016/05/25,2090.54,0.697475025
2016/05/26,2090.1,-0.021047194
2016/05/27,2099.06,0.428687623
2016/05/31,2096.96,-0.100044782
2016/06/01,2099.33,0.113020754
2016/06/02,2105.26,0.282471074
2016/06/03,2099.13,-0.291175437
2016/06/06,2109.41,0.489726696
2016/06/07,2112.13,0.128946009
2016/06/08,2119.12,0.330945538
2016/06/09,2115.48,-0.171769414
2016/06/10,2096.07,-0.917522264
2016/06/13,2079.06,-0.811518699
2016/06/14,2075.32,-0.179888988
2016/06/15,2071.5,-0.184067999
2016/06/16,2077.99,0.313299541
2016/06/17,2071.22,-0.325795601
2016/06/20,2083.25,0.580817103
2016/06/21,2088.9,0.271210848
2016/06/22,2085.45,-0.165158696
2016/06/23,2113.32,1.336402215
2016/06/24,2037.41,-3.591978498
2016/06/27,2000.54,-1.809650488
2016/06/28,2036.09,1.777020205
2016/06/29,2070.77,1.70326459
2016/06/30,2098.86,1.356500239
2016/07/01,2102.95,0.19486769
2016/07/05,2088.55,-0.684752372
2016/07/06,2099.73,0.53529961
2016/07/07,2097.9,-0.087154063
2016/07/08,2129.9,1.525334859
2016/07/11,2137.16,0.340861073
2016/07/12,2152.14,0.700930206
2016/07/13,2152.43,0.01347496
2016/07/14,2163.75,0.525917219
2016/07/15,2161.74,-0.092894281
2016/07/18,2166.89,0.238234015
2016/07/19,2163.78,-0.143523668
2016/07/20,2173.02,0.427030474
2016/07/21,2165.17,-0.361248401
2016/07/22,2175.03,0.455391494
2016/07/25,2168.48,-0.301145272
2016/07/26,2169.18,0.032280676
2016/07/27,2166.58,-0.119860961
2016/07/28,2170.06,0.160621809
2016/07/29,2173.6,0.16312913
2016/08/01,2170.84,-0.126978285
2016/08/02,2157.03,-0.636159275
2016/08/03,2163.79,0.31339388
2016/08/04,2164.25,0.021258995
2016/08/05,2182.87,0.86034423
2016/08/08,2180.89,-0.090706272
2016/08/09,2181.74,0.038974914
2016/08/10,2175.49,-0.286468598
2016/08/11,2185.79,0.473456555
2016/08/12,2184.05,-0.079605086
2016/08/15,2190.15,0.279297635
2016/08/16,2178.15,-0.547907678
2016/08/17,2182.22,0.186855818
2016/08/18,2187.02,0.219959491
2016/08/19,2183.87,-0.144031605
2016/08/22,2182.64,-0.056322034
2016/08/23,2186.9,0.195176484
2016/08/24,2175.44,-0.524029448
2016/08/25,2172.47,-0.136524105
2016/08/26,2169.04,-0.157884804
2016/08/29,2180.38,0.522811935
2016/08/30,2176.12,-0.195378787
2016/08/31,2170.95,-0.23757881
2016/09/01,2170.86,-0.004145651
2016/09/02,2179.98,0.420110002
2016/09/06,2186.48,0.298167873
2016/09/07,2186.16,-0.014635396
2016/09/08,2181.3,-0.222307608
2016/09/09,2127.81,-2.452207399
2016/09/12,2159.04,1.467706233
2016/09/13,2127.02,-1.483066548
2016/09/14,2125.77,-0.058767666
2016/09/15,2147.26,1.010927805
2016/09/16,2139.16,-0.377224929
2016/09/19,2139.12,-0.001869893
2016/09/20,2139.76,0.029918845
2016/09/21,2163.12,1.09171122
2016/09/22,2177.18,0.649987056
2016/09/23,2164.69,-0.573677877
2016/09/26,2146.1,-0.858783475
2016/09/27,2159.93,0.644424771
2016/09/28,2171.37,0.529646794
2016/09/29,2151.13,-0.932130406
2016/09/30,2168.27,0.796790524
2016/10/03,2161.2,-0.326066403
2016/10/04,2150.49,-0.495558023
2016/10/05,2159.73,0.429669517
2016/10/06,2160.77,0.048154167
2016/10/07,2153.74,-0.325346983
2016/10/10,2163.66,0.460594129
2016/10/11,2136.73,-1.244650269
2016/10/12,2139.18,0.114661188
2016/10/13,2132.55,-0.309931843
2016/10/14,2132.98,0.020163654
2016/10/17,2126.5,-0.303800317
2016/10/18,2139.6,0.616035739
2016/10/19,2144.29,0.21919985
2016/10/20,2141.34,-0.137574675
2016/10/21,2141.16,-0.008405951
2016/10/24,2151.33,0.474976181
2016/10/25,2143.16,-0.379765076
2016/10/26,2139.43,-0.174042069
2016/10/27,2133.04,-0.298677685
2016/10/28,2126.41,-0.310823988
2016/10/31,2126.15,-0.012227181
2016/11/01,2111.72,-0.678691532
2016/11/02,2097.94,-0.652548633
2016/11/03,2088.66,-0.442338675
2016/11/04,2085.18,-0.166614001
2016/11/07,2131.52,2.222350109
2016/11/08,2139.56,0.377195616
2016/11/09,2163.26,1.107704388
2016/11/10,2167.48,0.19507595
2016/11/11,2164.45,-0.139793677
2016/11/14,2164.2,-0.011550278
2016/11/15,2180.39,0.748082432
2016/11/16,2176.94,-0.158228574
2016/11/17,2187.12,0.467628874
2016/11/18,2181.9,-0.238670032
2016/11/21,2198.18,0.746138686
2016/11/22,2202.94,0.216542776
2016/11/23,2204.72,0.080801111
2016/11/25,2213.35,0.391432926
2016/11/28,2201.72,-0.525447851
2016/11/29,2204.66,0.133531966
2016/11/30,2198.81,-0.265347038
2016/12/01,2191.08,-0.351553795
2016/12/02,2191.95,0.039706446
2016/12/05,2204.71,0.582130067
2016/12/06,2212.23,0.341087944
2016/12/07,2241.35,1.316318828
2016/12/08,2246.19,0.215941285
2016/12/09,2259.53,0.59389455
2016/12/12,2256.96,-0.113740468
2016/12/13,2271.72,0.653977031
2016/12/14,2253.28,-0.811719754
2016/12/15,2262.03,0.388322801
2016/12/16,2258.07,-0.175063991
2016/12/19,2262.53,0.197513806
2016/12/20,2270.76,0.363752083
2016/12/21,2265.18,-0.245732706
2016/12/22,2260.96,-0.186298661
2016/12/23,2263.79,0.12516807
2016/12/27,2268.88,0.224844177
2016/12/28,2249.92,-0.835654596
2016/12/29,2249.26,-0.029334376
2016/12/30,2238.83,-0.463708064
2017/01/03,2257.83,0.848657558
2017/01/04,2270.75,0.572230859
2017/01/05,2269,-0.077067048
2017/01/06,2276.98,0.351696783
2017/01/09,2268.9,-0.354855993
2017/01/10,2268.9,0
2017/01/11,2275.32,0.282956499
2017/01/12,2270.44,-0.214475327
2017/01/13,2274.64,0.18498617
2017/01/17,2267.89,-0.296750255
2017/01/18,2271.89,0.176375397
2017/01/19,2263.69,-0.360932968
2017/01/20,2271.31,0.33661853
2017/01/23,2265.2,-0.269007753
2017/01/24,2280.07,0.656454176
2017/01/25,2298.37,0.802606938
2017/01/26,2296.68,-0.073530372
2017/01/27,2294.69,-0.086646812
2017/01/30,2280.9,-0.600952634
2017/01/31,2278.87,-0.088999956
2017/02/01,2279.55,0.02983935
2017/02/02,2280.85,0.0570288
2017/02/03,2297.42,0.726483548
2017/02/06,2292.56,-0.211541642
2017/02/07,2293.08,0.022682067
2017/02/08,2294.67,0.069339055
2017/02/09,2307.87,0.575246114
2017/02/10,2316.1,0.356605875
2017/02/13,2328.25,0.524588748
2017/02/14,2337.58,0.400730162
2017/02/15,2349.25,0.499234251
2017/02/16,2347.22,-0.086410557
2017/02/17,2351.16,0.167858147
2017/02/21,2365.38,0.60480784
2017/02/22,2362.82,-0.108227853
2017/02/23,2363.81,0.041899087
2017/02/24,2367.34,0.149335183
2017/02/27,2369.75,0.101802023
2017/02/28,2363.64,-0.257833105
2017/03/01,2395.96,1.367382512
2017/03/02,2381.92,-0.58598641
2017/03/03,2383.12,0.050379526
2017/03/06,2375.31,-0.327721642
2017/03/07,2368.39,-0.291330395
2017/03/08,2362.98,-0.228425217
2017/03/09,2364.87,0.079983749
2017/03/10,2372.6,0.326867862
2017/03/13,2373.47,0.036668634
2017/03/14,2365.45,-0.33790189
2017/03/15,2385.26,0.837472785
2017/03/16,2381.38,-0.162665705
2017/03/17,2378.25,-0.131436394
2017/03/20,2373.47,-0.200988122
2017/03/21,2344.02,-1.240799336
2017/03/22,2348.45,0.188991562
2017/03/23,2345.96,-0.10602738
2017/03/24,2343.98,-0.084400416
2017/03/27,2341.59,-0.101963327
2017/03/28,2358.57,0.725148297
2017/03/29,2361.13,0.108540344
2017/03/30,2368.06,0.293503534
2017/03/31,2362.72,-0.225501043
2017/04/03,2358.84,-0.164217512
2017/04/04,2360.16,0.055959709
2017/04/05,2352.95,-0.305487764
2017/04/06,2357.49,0.192949276
2017/04/07,2355.54,-0.082715091
2017/04/10,2357.16,0.068774039
2017/04/11,2353.78,-0.143392897
2017/04/12,2344.93,-0.375990959
2017/04/13,2328.95,-0.681470236
2017/04/17,2349.01,0.86133236
2017/04/18,2342.19,-0.290335077
2017/04/19,2338.17,-0.17163424
2017/04/20,2355.84,0.755719216
2017/04/21,2348.69,-0.303501087
2017/04/24,2374.15,1.084008532
2017/04/25,2388.61,0.609060085
2017/04/26,2387.45,-0.048563809
2017/04/27,2388.77,0.055289116
2017/04/28,2384.2,-0.191311847
2017/05/01,2388.33,0.173223723
2017/05/02,2391.17,0.118911541
2017/05/03,2388.13,-0.127134415
2017/05/04,2389.52,0.058204537
2017/05/05,2399.29,0.408868727
2017/05/08,2399.38,0.00375111
2017/05/09,2396.92,-0.102526486
2017/05/10,2399.63,0.113061763
2017/05/11,2394.44,-0.216283344
2017/05/12,2390.9,-0.147842502
2017/05/15,2402.32,0.477644402
2017/05/16,2400.67,-0.068683606
2017/05/17,2357.03,-1.817825857
2017/05/18,2365.72,0.368684319
2017/05/19,2381.73,0.676749573
2017/05/22,2394.02,0.516011471
2017/05/23,2398.42,0.18379128
2017/05/24,2404.39,0.248913868
2017/05/25,2415.07,0.444187507
2017/05/26,2415.82,0.031055
2017/05/30,2412.91,-0.120455994
2017/05/31,2411.8,-0.046002545
2017/06/01,2430.06,0.757110872
2017/06/02,2439.07,0.370772738
2017/06/05,2436.1,-0.121767723
2017/06/06,2429.33,-0.277903206
2017/06/07,2433.14,0.156833366
2017/06/08,2433.79,0.026714451
2017/06/09,2431.77,-0.082998122
2017/06/12,2429.39,-0.097871098
2017/06/13,2440.35,0.451142056
2017/06/14,2437.92,-0.099575881
2017/06/15,2432.46,-0.22396141
2017/06/16,2433.15,0.028366345
2017/06/19,2453.46,0.834720424
2017/06/20,2437.03,-0.669666512
2017/06/21,2435.61,-0.058267645
2017/06/22,2434.5,-0.045573799
2017/06/23,2438.3,0.156089546
2017/06/26,2439.07,0.031579379
2017/06/27,2419.38,-0.807274904
2017/06/28,2440.69,0.880804173
2017/06/29,2419.7,-0.860002704
2017/06/30,2423.41,0.153324792
2017/07/03,2429.01,0.231079347
2017/07/05,2432.54,0.145326697
2017/07/06,2409.75,-0.936880791
2017/07/07,2425.18,0.640315385
2017/07/10,2427.43,0.092776619
2017/07/11,2425.53,-0.078272082
2017/07/12,2443.25,0.73056198
2017/07/13,2447.83,0.187455234
2017/07/14,2459.27,0.467352716
2017/07/17,2459.14,-0.005286121
2017/07/18,2460.61,0.059776995
2017/07/19,2473.83,0.53726515
2017/07/20,2473.45,-0.015360797
2017/07/21,2472.54,-0.036790717
2017/07/24,2469.91,-0.10636835
2017/07/25,2477.13,0.292318344
2017/07/26,2477.83,0.028258509
2017/07/27,2475.42,-0.097262524
2017/07/28,2472.1,-0.134118655
2017/07/31,2470.3,-0.072812588
2017/08/01,2476.35,0.244909525
2017/08/02,2477.57,0.049266057
2017/08/03,2472.16,-0.218359118
2017/08/04,2476.83,0.188903631
2017/08/07,2480.91,0.164726687
2017/08/08,2474.92,-0.241443664
2017/08/09,2474.02,-0.036364812
2017/08/10,2438.21,-1.447441815
2017/08/11,2441.32,0.12755259
2017/08/14,2465.84,1.004374683
2017/08/15,2464.61,-0.049881582
2017/08/16,2468.11,0.142010298
2017/08/17,2430.01,-1.543691327
2017/08/18,2425.55,-0.183538339
2017/08/21,2428.37,0.116262291
2017/08/22,2452.51,0.99408245
2017/08/23,2444.04,-0.345360467
2017/08/24,2438.97,-0.207443413
2017/08/25,2443.05,0.16728373
2017/08/28,2444.24,0.048709605
2017/08/29,2446.3,0.084279776
2017/08/30,2457.59,0.461513306
2017/08/31,2471.65,0.572105192
2017/09/01,2476.55,0.198248134
2017/09/05,2457.85,-0.755082675
2017/09/06,2465.54,0.312875074
2017/09/07,2465.1,-0.017845989
2017/09/08,2461.43,-0.148878342
2017/09/11,2488.11,1.08392276
2017/09/12,2496.48,0.336399918
2017/09/13,2498.37,0.075706595
2017/09/14,2495.62,-0.110071767
2017/09/15,2500.23,0.184723636
2017/09/18,2503.87,0.145586606
2017/09/19,2506.65,0.111028128
2017/09/20,2508.24,0.063431273
2017/09/21,2500.6,-0.304596051
2017/09/22,2502.22,0.064784452
2017/09/25,2496.66,-0.222202684
2017/09/26,2496.84,0.007209632
2017/09/27,2507.04,0.408516365
2017/09/28,2510.06,0.120460782
2017/09/29,2519.36,0.370509071
2017/10/02,2529.12,0.387399975
2017/10/03,2534.58,0.215885367
2017/10/04,2537.74,0.124675489
2017/10/05,2552.07,0.564675656
2017/10/06,2549.33,-0.107363826
2017/10/09,2544.73,-0.180439566
2017/10/10,2550.64,0.232244678
2017/10/11,2555.24,0.180346893
2017/10/12,2550.93,-0.168673001
2017/10/13,2553.17,0.087811112
2017/10/16,2557.64,0.175076474
2017/10/17,2559.36,0.067249496
2017/10/18,2561.26,0.074237309
2017/10/19,2562.1,0.032796358
2017/10/20,2575.21,0.51168963
2017/10/23,2564.98,-0.397249156
2017/10/24,2569.13,0.161794634
2017/10/25,2557.15,-0.466305714
2017/10/26,2560.4,0.127094617
2017/10/27,2581.07,0.807295735
2017/10/30,2572.83,-0.319247444
2017/10/31,2575.26,0.094448526
2017/11/01,2579.36,0.159207226
2017/11/02,2579.85,0.01899696
2017/11/03,2587.84,0.309707929
2017/11/06,2591.13,0.127133053
2017/11/07,2590.64,-0.018910668
2017/11/08,2594.38,0.144365871
2017/11/09,2584.62,-0.376197781
2017/11/10,2582.3,-0.089761744
2017/11/13,2584.84,0.098361925
2017/11/14,2578.87,-0.230962071
2017/11/15,2564.62,-0.552567597
2017/11/16,2585.64,0.819614602
2017/11/17,2578.85,-0.26260423
2017/11/20,2582.14,0.127576245
2017/11/21,2599.03,0.654108608
2017/11/22,2597.08,-0.075027991
2017/11/24,2602.42,0.205615537
2017/11/27,2601.42,-0.038425773
2017/11/28,2627.04,0.984846738
2017/11/29,2626.07,-0.036923686
2017/11/30,2647.58,0.819094693
2017/12/01,2642.22,-0.202449029
2017/12/04,2639.44,-0.105214554
2017/12/05,2629.57,-0.373942958
2017/12/06,2629.27,-0.011408709
2017/12/07,2636.98,0.293237286
2017/12/08,2651.5,0.550629887
2017/12/11,2659.99,0.320196115
2017/12/12,2664.11,0.1548878
2017/12/13,2662.85,-0.047295344
2017/12/14,2652.01,-0.407082637
2017/12/15,2675.81,0.897432513
2017/12/18,2690.16,0.536286209
2017/12/19,2681.47,-0.323029114
2017/12/20,2679.25,-0.08279041
2017/12/21,2684.57,0.198563031
2017/12/22,2683.34,-0.045817393
2017/12/26,2680.5,-0.105838246
2017/12/27,2682.62,0.079089722
2017/12/28,2687.54,0.183402793
2017/12/29,2673.61,-0.518317867
2018/01/02,2695.81,0.830338007
2018/01/03,2713.06,0.639881891
2018/01/04,2723.99,0.402866136
2018/01/05,2743.15,0.703379968
2018/01/08,2747.71,0.166232251
2018/01/09,2751.29,0.130290314
2018/01/10,2748.23,-0.111220555
2018/01/11,2767.56,0.7033618
2018/01/12,2786.24,0.674962783
2018/01/16,2776.42,-0.352446308
2018/01/17,2802.56,0.941500205
2018/01/18,2798.03,-0.161637931
2018/01/19,2810.3,0.438522818
2018/01/22,2832.97,0.806675444
2018/01/23,2839.13,0.217439648
2018/01/24,2837.54,-0.056003071
2018/01/25,2839.25,0.060263468
2018/01/26,2872.87,1.184115523
2018/01/29,2853.53,-0.673194401
2018/01/30,2822.43,-1.089878151
2018/01/31,2823.81,0.048894038
2018/02/01,2821.98,-0.06480606
2018/02/02,2762.13,-2.120851317
2018/02/05,2648.94,-4.097924428
2018/02/06,2695.14,1.744093864
2018/02/07,2681.66,-0.500159546
2018/02/08,2581,-3.75364513
2018/02/09,2619.55,1.493607129
2018/02/12,2656,1.391460365
2018/02/13,2662.94,0.261295181
2018/02/14,2698.63,1.340247997
2018/02/15,2731.2,1.206908691
2018/02/16,2732.22,0.037346221
2018/02/20,2716.26,-0.584140369
2018/02/21,2701.33,-0.549652831
2018/02/22,2703.96,0.097359449
2018/02/23,2747.3,1.602834361
2018/02/26,2779.6,1.175699778
2018/02/27,2744.28,-1.27068643
2018/02/28,2713.83,-1.109580655
2018/03/01,2677.67,-1.332434235
2018/03/02,2691.25,0.507157342
2018/03/05,2720.94,1.10320483
2018/03/06,2728.12,0.263879395
2018/03/07,2726.8,-0.048384968
2018/03/08,2738.97,0.446310694
2018/03/09,2786.57,1.737879568
2018/03/12,2783.02,-0.127396764
2018/03/13,2765.31,-0.636359063
2018/03/14,2749.48,-0.572449382
2018/03/15,2747.33,-0.078196604
2018/03/16,2752.01,0.17034721
2018/03/19,2712.92,-1.42041635
2018/03/20,2716.94,0.148179821
2018/03/21,2711.93,-0.184398625
2018/03/22,2643.69,-2.516289137
2018/03/23,2588.26,-2.09669061
2018/03/26,2658.55,2.715724077
2018/03/27,2612.62,-1.727633484
2018/03/28,2605,-0.291661244
2018/03/29,2640.87,1.37696737
2018/04/02,2581.88,-2.23373358
2018/04/03,2614.45,1.26148388
2018/04/04,2644.69,1.156648626
2018/04/05,2662.84,0.686280812
2018/04/06,2604.47,-2.192020549
2018/04/09,2613.16,0.333657136
2018/04/10,2656.87,1.672687474
2018/04/11,2642.19,-0.552529857
2018/04/12,2663.99,0.82507314
2018/04/13,2656.3,-0.288664747
2018/04/16,2677.84,0.810902383
2018/04/17,2706.39,1.066157799
2018/04/18,2708.64,0.083136577
2018/04/19,2693.13,-0.572612086
2018/04/20,2670.14,-0.853653556
2018/04/23,2670.29,0.005617683
2018/04/24,2634.56,-1.338056915
2018/04/25,2639.4,0.183711891
2018/04/26,2666.94,1.043418959
2018/04/27,2669.91,0.111363585
2018/04/30,2648.05,-0.81875419
2018/05/01,2654.8,0.254904552
2018/05/02,2635.67,-0.720581588
2018/05/03,2629.73,-0.22536964
2018/05/04,2663.42,1.281120115
2018/05/07,2672.63,0.345796007
2018/05/08,2671.92,-0.026565593
2018/05/09,2697.79,0.968217611
2018/05/10,2723.07,0.9370633
2018/05/11,2727.72,0.170763146
2018/05/14,2730.13,0.088352177
2018/05/15,2711.45,-0.684216503
2018/05/16,2722.46,0.4060558
2018/05/17,2720.13,-0.085584361
2018/05/18,2712.97,-0.263222714
2018/05/21,2733.01,0.738673852
2018/05/22,2724.44,-0.313573679
2018/05/23,2733.29,0.324837398
2018/05/24,2727.76,-0.202320281
2018/05/25,2721.33,-0.235724551
2018/05/29,2689.86,-1.156419839
2018/05/30,2724.01,1.269582804
2018/05/31,2705.27,-0.687956358
2018/06/01,2734.62,1.084919435
2018/06/04,2746.87,0.447959863
2018/06/05,2748.8,0.070261789
2018/06/06,2772.35,0.856737485
2018/06/07,2770.37,-0.071419554
2018/06/08,2779.03,0.312593625
2018/06/11,2782,0.106871822
2018/06/12,2786.85,0.174335011
2018/06/13,2775.63,-0.402605092
2018/06/14,2782.49,0.247151097
2018/06/15,2779.66,-0.101707463
2018/06/18,2773.75,-0.212615931
2018/06/19,2762.59,-0.402343398
2018/06/20,2767.32,0.171216141
2018/06/21,2749.76,-0.63454895
2018/06/22,2754.88,0.186198068
2018/06/25,2717.07,-1.372473574
2018/06/26,2723.06,0.220458067
2018/06/27,2699.63,-0.860429076
2018/06/28,2716.31,0.617862448
2018/06/29,2718.37,0.075838178
2018/07/02,2726.71,0.306801502
2018/07/03,2713.22,-0.494735414
2018/07/05,2736.61,0.86207532
2018/07/06,2759.82,0.84812962
2018/07/09,2784.17,0.882303918
2018/07/10,2793.84,0.347320746
2018/07/11,2774.02,-0.709417862
2018/07/12,2798.29,0.87490357
2018/07/13,2801.31,0.107923053
2018/07/16,2798.43,-0.102809043
2018/07/17,2809.55,0.397365666
2018/07/18,2815.62,0.216048833
2018/07/19,2804.49,-0.39529482
2018/07/20,2801.83,-0.094847905
2018/07/23,2806.98,0.183808439
2018/07/24,2820.4,0.478093895
2018/07/25,2846.07,0.910154588
2018/07/26,2837.44,-0.303225149
2018/07/27,2818.82,-0.65622533
2018/07/30,2802.6,-0.575418083
2018/07/31,2816.29,0.488474988
2018/08/01,2813.36,-0.104037581
2018/08/02,2827.22,0.492649359
2018/08/03,2840.35,0.464413806
2018/08/06,2850.4,0.353829634
2018/08/07,2858.45,0.282416503
2018/08/08,2857.7,-0.026237996
2018/08/09,2853.58,-0.144171886
2018/08/10,2833.28,-0.7113871
2018/08/13,2821.93,-0.400595776
2018/08/14,2839.96,0.638924424
2018/08/15,2818.37,-0.760221975
2018/08/16,2840.69,0.791947118
2018/08/17,2850.13,0.332313628
2018/08/20,2857.05,0.242795943
2018/08/21,2862.96,0.206856723
2018/08/22,2861.82,-0.039818929
2018/08/23,2856.98,-0.169123145
2018/08/24,2874.69,0.619885333
2018/08/27,2896.74,0.767039229
2018/08/28,2897.52,0.026926821
2018/08/29,2914.04,0.570142743
2018/08/30,2901.13,-0.443027549
2018/08/31,2901.52,0.013443038
2018/09/04,2896.72,-0.165430533
2018/09/05,2888.6,-0.280317048
2018/09/06,2878.05,-0.365228831
2018/09/07,2871.68,-0.221330415
2018/09/10,2877.13,0.189784377
2018/09/11,2887.89,0.373983796
2018/09/12,2888.92,0.035666178
2018/09/13,2904.18,0.528225081
2018/09/14,2904.98,0.027546502
2018/09/17,2888.8,-0.556974575
2018/09/18,2904.31,0.536901135
2018/09/19,2907.95,0.125330974
2018/09/20,2930.75,0.784057498
2018/09/21,2929.67,-0.036850636
2018/09/24,2919.37,-0.351575433
2018/09/25,2915.56,-0.13050761
2018/09/26,2905.97,-0.328924803
2018/09/27,2914,0.276327698
2018/09/28,2913.98,-0.000686342
2018/10/01,2924.59,0.364106823
2018/10/02,2923.43,-0.039663679
2018/10/03,2925.51,0.071149301
2018/10/04,2901.61,-0.816951574
2018/10/05,2885.57,-0.552796551
2018/10/08,2884.43,-0.039506926
2018/10/09,2880.34,-0.141795779
2018/10/10,2785.68,-3.286417576
2018/10/11,2728.37,-2.057307372
2018/10/12,2767.13,1.420628434
2018/10/15,2750.79,-0.590503518
2018/10/16,2809.92,2.149564307
2018/10/17,2809.21,-0.025267623
2018/10/18,2768.78,-1.439194649
2018/10/19,2767.78,-0.03611699
2018/10/22,2755.88,-0.429947467
2018/10/23,2740.69,-0.551185102
2018/10/24,2656.1,-3.086449033
2018/10/25,2705.57,1.862505177
2018/10/26,2658.69,-1.732721755
2018/10/29,2641.25,-0.655962147
2018/10/30,2682.63,1.566682442
2018/10/31,2711.74,1.085129146
2018/11/01,2740.37,1.055779684
2018/11/02,2723.06,-0.631666527
2018/11/05,2738.31,0.560031729
2018/11/06,2755.45,0.625933514
2018/11/07,2813.89,2.120887695
2018/11/08,2806.83,-0.250898223
2018/11/09,2781.01,-0.919898961
2018/11/12,2726.22,-1.970147536
2018/11/13,2722.18,-0.148190535
2018/11/14,2701.58,-0.756746431
2018/11/15,2730.2,1.059380066
2018/11/16,2736.27,0.222328035
2018/11/19,2690.73,-1.664309443
2018/11/20,2641.89,-1.815120804
2018/11/21,2649.93,0.304327584
2018/11/23,2632.56,-0.655489013
2018/11/26,2673.45,1.553240952
2018/11/27,2682.17,0.326170304
2018/11/28,2743.79,2.297393528
2018/11/29,2737.76,-0.219769006
2018/11/30,2760.17,0.818552393
2018/12/03,2790.37,1.094135506
2018/12/04,2700.06,-3.236488351
2018/12/06,2695.95,-0.15221884
2018/12/07,2633.08,-2.332016543
2018/12/10,2637.72,0.176219484
2018/12/11,2636.78,-0.035636838
2018/12/12,2651.07,0.541948892
2018/12/13,2650.54,-0.019991928
2018/12/14,2599.95,-1.908667668
2018/12/17,2545.94,-2.077347641
2018/12/18,2546.16,0.008641209
2018/12/19,2506.96,-1.539573318
2018/12/20,2467.42,-1.57720905
2018/12/21,2416.62,-2.058830681
2018/12/24,2351.1,-2.711224768
2018/12/26,2467.7,4.959380715
2018/12/27,2488.83,0.856262917
2018/12/28,2485.74,-0.124154723
2018/12/31,2506.85,0.849244088
2019/01/02,2510.03,0.126852424
2019/01/03,2447.89,-2.475667622
2019/01/04,2531.94,3.433569319
2019/01/07,2549.69,0.701043469
2019/01/08,2574.41,0.969529629
2019/01/09,2584.96,0.409802634
2019/01/10,2596.64,0.451844516
2019/01/11,2596.26,-0.014634297
2019/01/14,2582.61,-0.52575628
2019/01/15,2610.3,1.072171176
2019/01/16,2616.1,0.222196682
2019/01/17,2635.96,0.759145293
2019/01/18,2670.71,1.318305285
2019/01/22,2632.9,-1.415728402
2019/01/23,2638.7,0.220289415
2019/01/24,2642.33,0.137567742
2019/01/25,2664.76,0.848872018
2019/01/28,2643.85,-0.784686051
2019/01/29,2640,-0.145620969
2019/01/30,2681.05,1.554924242
2019/01/31,2704.1,0.859737789
2019/02/01,2706.53,0.089863541
2019/02/04,2724.87,0.677620422
2019/02/05,2737.7,0.470848151
2019/02/06,2731.61,-0.222449501
2019/02/07,2706.05,-0.935711906
2019/02/08,2707.88,0.067626245
2019/02/11,2709.8,0.070904176
2019/02/12,2744.73,1.28902502
2019/02/13,2753.03,0.302397686
2019/02/14,2745.73,-0.265162385
2019/02/15,2775.6,1.087870985
2019/02/19,2779.76,0.149877504
2019/02/20,2784.7,0.177713184
2019/02/21,2774.88,-0.352641218
2019/02/22,2792.67,0.641108805
2019/02/25,2796.11,0.123179609
2019/02/26,2793.9,-0.079038378
2019/02/27,2792.38,-0.054404238
2019/02/28,2784.49,-0.282554667
2019/03/01,2803.69,0.689533811
2019/03/04,2792.81,-0.388060021
2019/03/05,2789.65,-0.11314769
2019/03/06,2771.45,-0.652411593
2019/03/07,2748.93,-0.812571037
2019/03/08,2743.07,-0.213173853
2019/03/11,2783.3,1.466604935
2019/03/12,2791.52,0.295332878
2019/03/13,2810.92,0.694961885
2019/03/14,2808.48,-0.08680432
2019/03/15,2822.48,0.498490287
2019/03/18,2832.94,0.370596072
2019/03/19,2832.57,-0.013060637
2019/03/20,2824.23,-0.294432265
2019/03/21,2854.88,1.085251555
2019/03/22,2800.71,-1.897452783
2019/03/25,2798.36,-0.083907295
2019/03/26,2818.46,0.718277848
2019/03/27,2805.37,-0.464438026
2019/03/28,2815.44,0.358954434
2019/03/29,2834.4,0.673429375
2019/04/01,2867.19,1.156858594
2019/04/02,2867.24,0.001743868
2019/04/03,2873.4,0.214840753
2019/04/04,2879.39,0.208463841
2019/04/05,2892.74,0.463639868
2019/04/08,2895.77,0.104744982
2019/04/09,2878.2,-0.606747083
2019/04/10,2888.21,0.347786811
2019/04/11,2888.32,0.003808587
2019/04/12,2907.41,0.660937846
2019/04/15,2905.58,-0.062942619
2019/04/16,2907.06,0.050936474
2019/04/17,2900.45,-0.227377488
2019/04/18,2905.03,0.157906532
2019/04/22,2907.97,0.101203774
2019/04/23,2933.68,0.884121913
2019/04/24,2927.25,-0.219178643
2019/04/25,2926.17,-0.036894696
2019/04/26,2939.88,0.468530537
2019/04/29,2943.03,0.10714723
2019/04/30,2945.83,0.095140043
2019/05/01,2923.73,-0.750213013
2019/05/02,2917.52,-0.212399914
2019/05/03,2945.64,0.963832296
2019/05/06,2932.47,-0.447101479
2019/05/07,2884.05,-1.651167787
2019/05/08,2879.42,-0.160538132
2019/05/09,2870.72,-0.302144182
2019/05/10,2881.4,0.372032103
2019/05/13,2811.87,-2.413063094
2019/05/14,2834.41,0.801601781
2019/05/15,2850.96,0.583895767
2019/05/16,2876.32,0.889524932
2019/05/17,2859.53,-0.583731991
2019/05/20,2840.23,-0.674936091
2019/05/21,2864.36,0.849579083
2019/05/22,2856.27,-0.282436565
2019/05/23,2822.24,-1.191413977
2019/05/24,2826.06,0.135353478
2019/05/28,2802.39,-0.837561835
2019/05/29,2783.02,-0.691195729
2019/05/30,2788.86,0.209843982
2019/05/31,2752.06,-1.319535581
2019/06/03,2744.45,-0.276520134
2019/06/04,2803.27,2.143234528
2019/06/05,2826.15,0.816189664
2019/06/06,2843.49,0.613555544
2019/06/07,2873.34,1.049766308
2019/06/10,2886.73,0.4660082
2019/06/11,2885.72,-0.034987685
2019/06/12,2879.84,-0.203761973
2019/06/13,2891.64,0.409744986
2019/06/14,2886.98,-0.161154224
2019/06/17,2889.67,0.093176953
2019/06/18,2917.75,0.971737257
2019/06/19,2926.46,0.298517693
2019/06/20,2954.18,0.947219508
2019/06/21,2950.46,-0.125923268
2019/06/24,2945.35,-0.173193333
2019/06/25,2917.38,-0.949632472
2019/06/26,2913.78,-0.123398392
2019/06/27,2924.92,0.382321246
2019/06/28,2941.76,0.575742243
2019/07/01,2964.33,0.767227782
2019/07/02,2973.01,0.292814903
2019/07/03,2995.82,0.767235899
2019/07/05,2990.41,-0.180584948
2019/07/08,2975.95,-0.483545735
2019/07/09,2979.63,0.123657992
2019/07/10,2993.07,0.451062716
2019/07/11,2999.91,0.228527899
2019/07/12,3013.77,0.46201386
2019/07/15,3014.3,0.017585947
2019/07/16,3004.04,-0.340377534
2019/07/17,2984.42,-0.653120464
2019/07/18,2995.11,0.358193552
2019/07/19,2976.61,-0.617673474
2019/07/22,2985.03,0.282872126
2019/07/23,3005.47,0.684750237
2019/07/24,3019.56,0.468811866
2019/07/25,3003.67,-0.52623561
2019/07/26,3025.86,0.738762913
2019/07/29,3020.97,-0.161606948
2019/07/30,3013.18,-0.257864196
2019/07/31,2980.38,-1.088550966
2019/08/01,2953.56,-0.89988525
2019/08/02,2932.05,-0.728273677
2019/08/05,2844.74,-2.977780051
2019/08/06,2881.77,1.301700683
2019/08/07,2883.98,0.076688979
2019/08/08,2938.09,1.876226604
2019/08/09,2918.65,-0.66165434
2019/08/12,2883.75,-1.195758313
2019/08/13,2926.32,1.476202861
2019/08/14,2840.6,-2.929276361
2019/08/15,2847.6,0.246426811
2019/08/16,2888.68,1.442618345
2019/08/19,2923.65,1.210587535
2019/08/20,2900.51,-0.791476408
2019/08/21,2924.43,0.824682556
2019/08/22,2922.95,-0.050608153
2019/08/23,2847.11,-2.594638978
2019/08/26,2878.38,1.098306704
2019/08/27,2869.16,-0.320319068
2019/08/28,2887.94,0.654546975
2019/08/29,2924.58,1.268724419
2019/08/30,2926.46,0.064282735
2019/09/03,2906.27,-0.689912044
2019/09/04,2937.78,1.084207593
2019/09/05,2976,1.300982374
2019/09/06,2978.71,0.091061828
2019/09/09,2978.43,-0.009400042
2019/09/10,2979.39,0.032231746
2019/09/11,3000.93,0.722966782
2019/09/12,3009.57,0.287910748
2019/09/13,3007.39,-0.072435597
2019/09/16,2997.96,-0.313560928
2019/09/17,3005.7,0.258175559
2019/09/18,3006.73,0.034268224
2019/09/19,3006.79,0.001995523
2019/09/20,2992.07,-0.489558632
2019/09/23,2991.78,-0.009692287
2019/09/24,2966.6,-0.841639425
2019/09/25,2984.87,0.615856536
2019/09/26,2977.62,-0.24289165
2019/09/27,2961.79,-0.531632646
2019/09/30,2976.74,0.504762323
2019/10/01,2940.25,-1.225837661
2019/10/02,2887.61,-1.790323952
2019/10/03,2910.63,0.797199068
2019/10/04,2952.01,1.42168534
2019/10/07,2938.79,-0.447830461
2019/10/08,2893.06,-1.556082605
2019/10/09,2919.4,0.910454674
2019/10/10,2938.13,0.641570186
